{
    "focal_length": 958.53662109375,
    "camera": [
        0.14679957926273346,
        0.8756927847862244,
        5.434642314910889
    ]
}