{
    "focal_length": 958.53662109375,
    "camera": [
        -0.136891707777977,
        0.9265207648277283,
        5.845885276794434
    ]
}