{
    "focal_length": 958.53662109375,
    "camera": [
        -0.16917331516742706,
        1.1333532333374023,
        3.224170207977295
    ]
}