{
    "focal_length": 958.53662109375,
    "camera": [
        0.08768386393785477,
        0.9518177509307861,
        4.548975467681885
    ]
}