{
    "focal_length": 958.53662109375,
    "camera": [
        0.16579866409301758,
        0.9948250651359558,
        4.74946403503418
    ]
}