{
    "focal_length": 958.53662109375,
    "camera": [
        -0.47326672077178955,
        1.1375867128372192,
        3.0418524742126465
    ]
}