{
    "focal_length": 958.53662109375,
    "camera": [
        -0.10778883099555969,
        1.1366173028945923,
        3.18060564994812
    ]
}