{
    "focal_length": 958.53662109375,
    "camera": [
        -0.465065062046051,
        1.1462697982788086,
        2.9033830165863037
    ]
}