{
    "focal_length": 958.53662109375,
    "camera": [
        -0.439541220664978,
        1.2098037004470825,
        3.0841903686523438
    ]
}