{
    "focal_length": 958.53662109375,
    "camera": [
        -0.011520631611347198,
        0.9269365072250366,
        6.009739875793457
    ]
}