{
    "focal_length": 958.53662109375,
    "camera": [
        -0.3907466232776642,
        1.1400823593139648,
        3.071073293685913
    ]
}