{
    "focal_length": 958.53662109375,
    "camera": [
        -0.524966835975647,
        1.1374393701553345,
        2.874569892883301
    ]
}