{
    "focal_length": 958.53662109375,
    "camera": [
        0.14245609939098358,
        0.9922599196434021,
        4.929791450500488
    ]
}