{
    "focal_length": 958.53662109375,
    "camera": [
        0.025827936828136444,
        0.9893510341644287,
        6.012509346008301
    ]
}