{
    "focal_length": 958.53662109375,
    "camera": [
        -0.1710120141506195,
        1.244931697845459,
        2.935640811920166
    ]
}