{
    "focal_length": 958.53662109375,
    "camera": [
        -0.30463650822639465,
        1.1427348852157593,
        3.1622118949890137
    ]
}