{
    "focal_length": 958.53662109375,
    "camera": [
        0.14762964844703674,
        0.8786911964416504,
        5.431190490722656
    ]
}