{
    "focal_length": 958.53662109375,
    "camera": [
        -0.5587356090545654,
        1.143721580505371,
        2.9208831787109375
    ]
}