{
    "focal_length": 958.53662109375,
    "camera": [
        -0.012954026460647583,
        1.0606105327606201,
        5.111323833465576
    ]
}