{
    "focal_length": 958.53662109375,
    "camera": [
        -0.2630396783351898,
        1.0219751596450806,
        3.2767956256866455
    ]
}