{
    "focal_length": 958.53662109375,
    "camera": [
        0.142379030585289,
        0.8765202760696411,
        5.409404277801514
    ]
}