{
    "focal_length": 958.53662109375,
    "camera": [
        0.14820615947246552,
        0.9982738494873047,
        4.969788074493408
    ]
}