{
    "focal_length": 958.53662109375,
    "camera": [
        -0.17402824759483337,
        1.1307450532913208,
        3.1388421058654785
    ]
}