{
    "focal_length": 958.53662109375,
    "camera": [
        -0.046012114733457565,
        1.195127010345459,
        3.0327186584472656
    ]
}