{
    "focal_length": 958.53662109375,
    "camera": [
        0.012906413525342941,
        0.9960368275642395,
        5.816394329071045
    ]
}