{
    "focal_length": 958.53662109375,
    "camera": [
        -0.5468598008155823,
        1.1410927772521973,
        2.9148669242858887
    ]
}