{
    "focal_length": 958.53662109375,
    "camera": [
        -0.025299072265625,
        0.9090179800987244,
        6.07431173324585
    ]
}