{
    "focal_length": 958.53662109375,
    "camera": [
        -0.17149892449378967,
        1.1337809562683105,
        3.1338367462158203
    ]
}