{
    "focal_length": 958.53662109375,
    "camera": [
        -0.1687011569738388,
        1.0222811698913574,
        5.13478422164917
    ]
}