{
    "focal_length": 958.53662109375,
    "camera": [
        -0.13249461352825165,
        0.9299901723861694,
        5.796093940734863
    ]
}