{
    "focal_length": 958.53662109375,
    "camera": [
        -0.14038078486919403,
        1.0797345638275146,
        5.530709743499756
    ]
}