{
    "focal_length": 958.53662109375,
    "camera": [
        -0.2705170512199402,
        1.2015068531036377,
        2.999741554260254
    ]
}