{
    "focal_length": 958.53662109375,
    "camera": [
        -0.050599269568920135,
        1.260412335395813,
        3.041874647140503
    ]
}