{
    "focal_length": 958.53662109375,
    "camera": [
        -0.26110726594924927,
        1.2053428888320923,
        2.989171266555786
    ]
}