{
    "focal_length": 958.53662109375,
    "camera": [
        -0.05363190174102783,
        1.1817529201507568,
        3.08101224899292
    ]
}