{
    "focal_length": 958.53662109375,
    "camera": [
        -0.15801075100898743,
        1.2489110231399536,
        2.8929457664489746
    ]
}