{
    "focal_length": 958.53662109375,
    "camera": [
        -0.08894626051187515,
        1.1385796070098877,
        3.1896395683288574
    ]
}