{
    "focal_length": 958.53662109375,
    "camera": [
        -0.36844682693481445,
        1.0893423557281494,
        3.2843408584594727
    ]
}