{
    "focal_length": 958.53662109375,
    "camera": [
        -0.37442290782928467,
        1.1364251375198364,
        2.9702470302581787
    ]
}