{
    "focal_length": 958.53662109375,
    "camera": [
        -0.22724467515945435,
        1.0254700183868408,
        5.324204444885254
    ]
}