{
    "focal_length": 958.53662109375,
    "camera": [
        0.13736560940742493,
        0.8850795030593872,
        5.379265308380127
    ]
}