{
    "focal_length": 958.53662109375,
    "camera": [
        0.02241750806570053,
        1.0006401538848877,
        5.831420421600342
    ]
}