{
    "focal_length": 958.53662109375,
    "camera": [
        -0.19164931774139404,
        0.9789890050888062,
        5.359350204467773
    ]
}