{
    "focal_length": 958.53662109375,
    "camera": [
        -0.20463161170482635,
        1.219994068145752,
        2.917431592941284
    ]
}