{
    "focal_length": 958.53662109375,
    "camera": [
        -0.07615171372890472,
        0.889896035194397,
        3.705216646194458
    ]
}