{
    "focal_length": 958.53662109375,
    "camera": [
        -0.41353854537010193,
        1.1375343799591064,
        3.044685125350952
    ]
}