{
    "focal_length": 958.53662109375,
    "camera": [
        -0.15650036931037903,
        1.2957640886306763,
        2.916792154312134
    ]
}