{
    "focal_length": 958.53662109375,
    "camera": [
        -0.2653982639312744,
        1.2068490982055664,
        2.9910998344421387
    ]
}