{
    "focal_length": 958.53662109375,
    "camera": [
        -0.027762435376644135,
        0.8382847905158997,
        4.137229919433594
    ]
}