{
    "focal_length": 958.53662109375,
    "camera": [
        -0.1441655457019806,
        1.141527533531189,
        3.128890037536621
    ]
}