{
    "focal_length": 958.53662109375,
    "camera": [
        0.14222091436386108,
        0.9016124606132507,
        5.311910629272461
    ]
}