{
    "focal_length": 958.53662109375,
    "camera": [
        0.12466894090175629,
        0.9519946575164795,
        5.2215142250061035
    ]
}