{
    "focal_length": 958.53662109375,
    "camera": [
        -0.13250978291034698,
        0.9376707077026367,
        5.763968467712402
    ]
}