{
    "focal_length": 958.53662109375,
    "camera": [
        0.16975006461143494,
        0.9973083734512329,
        4.703189849853516
    ]
}