{
    "focal_length": 958.53662109375,
    "camera": [
        -0.16328337788581848,
        1.315737009048462,
        2.94743275642395
    ]
}