{
    "focal_length": 958.53662109375,
    "camera": [
        0.015595387667417526,
        0.958217203617096,
        6.057958602905273
    ]
}