{
    "focal_length": 958.53662109375,
    "camera": [
        -0.3683442175388336,
        1.1246814727783203,
        2.958270788192749
    ]
}