{
    "focal_length": 958.53662109375,
    "camera": [
        -0.22566024959087372,
        1.1657626628875732,
        3.063263416290283
    ]
}