{
    "focal_length": 958.53662109375,
    "camera": [
        -0.11302582919597626,
        1.1385693550109863,
        3.1845955848693848
    ]
}