{
    "focal_length": 958.53662109375,
    "camera": [
        -0.18716177344322205,
        0.9781986474990845,
        5.3827338218688965
    ]
}