{
    "focal_length": 958.53662109375,
    "camera": [
        0.08657261729240417,
        0.9089951515197754,
        4.485569477081299
    ]
}