{
    "focal_length": 958.53662109375,
    "camera": [
        0.02915290743112564,
        0.8580519556999207,
        4.183598041534424
    ]
}