{
    "focal_length": 958.53662109375,
    "camera": [
        -0.4254012107849121,
        1.1499850749969482,
        2.9071102142333984
    ]
}