{
    "focal_length": 958.53662109375,
    "camera": [
        -0.0011502429842948914,
        0.9447675943374634,
        6.049081325531006
    ]
}