{
    "focal_length": 958.53662109375,
    "camera": [
        -0.2876532971858978,
        1.1413352489471436,
        3.169593095779419
    ]
}