{
    "focal_length": 958.53662109375,
    "camera": [
        -0.18628138303756714,
        1.2312341928482056,
        2.921229839324951
    ]
}