{
    "focal_length": 958.53662109375,
    "camera": [
        -0.3939536213874817,
        1.1446948051452637,
        2.9318909645080566
    ]
}