{
    "focal_length": 958.53662109375,
    "camera": [
        -0.392352819442749,
        1.1437019109725952,
        2.967082977294922
    ]
}