{
    "focal_length": 958.53662109375,
    "camera": [
        -0.4667634069919586,
        1.2645080089569092,
        3.0142014026641846
    ]
}