{
    "focal_length": 958.53662109375,
    "camera": [
        -0.3043413758277893,
        1.0165598392486572,
        3.27740216255188
    ]
}