{
    "focal_length": 958.53662109375,
    "camera": [
        -0.0008572638034820557,
        1.0011498928070068,
        5.7793474197387695
    ]
}