{
    "focal_length": 958.53662109375,
    "camera": [
        -0.057807400822639465,
        0.8803651928901672,
        6.1586713790893555
    ]
}