{
    "focal_length": 958.53662109375,
    "camera": [
        -0.19071513414382935,
        1.058595061302185,
        5.408555030822754
    ]
}