{
    "focal_length": 958.53662109375,
    "camera": [
        -0.23248690366744995,
        1.1808702945709229,
        3.0450401306152344
    ]
}