{
    "focal_length": 958.53662109375,
    "camera": [
        -0.08851709961891174,
        1.162205696105957,
        3.1110188961029053
    ]
}