{
    "focal_length": 958.53662109375,
    "camera": [
        -0.23903410136699677,
        1.2009975910186768,
        2.9282681941986084
    ]
}