{
    "focal_length": 958.53662109375,
    "camera": [
        -0.5005688071250916,
        1.142386555671692,
        2.8881173133850098
    ]
}