{
    "focal_length": 958.53662109375,
    "camera": [
        -0.21932077407836914,
        1.0223463773727417,
        5.3355913162231445
    ]
}