{
    "focal_length": 958.53662109375,
    "camera": [
        -0.16171027719974518,
        0.9769908785820007,
        5.517897605895996
    ]
}