{
    "focal_length": 958.53662109375,
    "camera": [
        -0.17047512531280518,
        0.9785074591636658,
        5.5063066482543945
    ]
}