{
    "focal_length": 958.53662109375,
    "camera": [
        -0.45018768310546875,
        1.150987148284912,
        2.9046120643615723
    ]
}