{
    "focal_length": 958.53662109375,
    "camera": [
        -0.13913732767105103,
        0.9226605892181396,
        5.905196666717529
    ]
}