{
    "focal_length": 958.53662109375,
    "camera": [
        -0.1788645088672638,
        0.9783157110214233,
        5.477405548095703
    ]
}