{
    "focal_length": 958.53662109375,
    "camera": [
        -0.41051873564720154,
        1.1450433731079102,
        2.9483020305633545
    ]
}