{
    "focal_length": 958.53662109375,
    "camera": [
        -0.37748879194259644,
        1.1249464750289917,
        2.93869686126709
    ]
}