{
    "focal_length": 958.53662109375,
    "camera": [
        -0.30242323875427246,
        1.050053358078003,
        3.2333149909973145
    ]
}