{
    "focal_length": 958.53662109375,
    "camera": [
        -0.19272246956825256,
        0.9786210060119629,
        5.362905979156494
    ]
}