{
    "focal_length": 958.53662109375,
    "camera": [
        -0.0658271461725235,
        1.2581439018249512,
        3.0397839546203613
    ]
}