{
    "focal_length": 958.53662109375,
    "camera": [
        -0.243807852268219,
        1.1564940214157104,
        3.132434606552124
    ]
}