{
    "focal_length": 958.53662109375,
    "camera": [
        -0.051171328872442245,
        1.2080661058425903,
        3.0307936668395996
    ]
}