{
    "focal_length": 958.53662109375,
    "camera": [
        -0.24788808822631836,
        1.1993091106414795,
        2.966655731201172
    ]
}