{
    "focal_length": 958.53662109375,
    "camera": [
        -0.43231022357940674,
        1.1808180809020996,
        2.978137731552124
    ]
}