{
    "focal_length": 958.53662109375,
    "camera": [
        -0.0626918375492096,
        0.8845673203468323,
        6.146265029907227
    ]
}