{
    "focal_length": 958.53662109375,
    "camera": [
        -0.12797358632087708,
        0.8137316703796387,
        3.8644871711730957
    ]
}