{
    "focal_length": 958.53662109375,
    "camera": [
        -0.47508180141448975,
        1.1449182033538818,
        2.905108690261841
    ]
}