{
    "focal_length": 958.53662109375,
    "camera": [
        -0.08327881991863251,
        0.911569356918335,
        6.080440521240234
    ]
}