{
    "focal_length": 958.53662109375,
    "camera": [
        -0.07301462441682816,
        0.9039634466171265,
        6.087446689605713
    ]
}