{
    "focal_length": 958.53662109375,
    "camera": [
        -0.18058869242668152,
        1.1300156116485596,
        3.152278423309326
    ]
}