{
    "focal_length": 958.53662109375,
    "camera": [
        -0.358399361371994,
        1.0921993255615234,
        3.494098424911499
    ]
}