{
    "focal_length": 958.53662109375,
    "camera": [
        -0.14457494020462036,
        1.3004165887832642,
        3.0026183128356934
    ]
}