{
    "focal_length": 958.53662109375,
    "camera": [
        -0.012642444111406803,
        0.8724685311317444,
        3.816443681716919
    ]
}