{
    "focal_length": 958.53662109375,
    "camera": [
        -0.16227050125598907,
        1.323258876800537,
        2.974480390548706
    ]
}