{
    "focal_length": 958.53662109375,
    "camera": [
        0.1382959634065628,
        0.886896014213562,
        5.380321979522705
    ]
}