{
    "focal_length": 958.53662109375,
    "camera": [
        -0.5217832922935486,
        1.1434526443481445,
        2.981287717819214
    ]
}