{
    "focal_length": 958.53662109375,
    "camera": [
        0.05292361229658127,
        0.9212275743484497,
        4.111084938049316
    ]
}