{
    "focal_length": 958.53662109375,
    "camera": [
        -0.009977109730243683,
        1.0055664777755737,
        5.743415832519531
    ]
}