{
    "focal_length": 958.53662109375,
    "camera": [
        -0.05674849450588226,
        0.886179506778717,
        6.137484550476074
    ]
}