{
    "focal_length": 958.53662109375,
    "camera": [
        -0.18155768513679504,
        0.9902662038803101,
        3.516441583633423
    ]
}