{
    "focal_length": 958.53662109375,
    "camera": [
        -0.1571269929409027,
        1.1356102228164673,
        3.168307065963745
    ]
}