{
    "focal_length": 958.53662109375,
    "camera": [
        -0.019577130675315857,
        1.0105870962142944,
        5.7375922203063965
    ]
}