{
    "focal_length": 958.53662109375,
    "camera": [
        -0.15527519583702087,
        1.2744204998016357,
        2.918498992919922
    ]
}