{
    "focal_length": 958.53662109375,
    "camera": [
        0.0046512670814991,
        0.9546773433685303,
        6.056885719299316
    ]
}