{
    "focal_length": 958.53662109375,
    "camera": [
        -0.23447024822235107,
        1.1737384796142578,
        3.0356926918029785
    ]
}