{
    "focal_length": 958.53662109375,
    "camera": [
        -0.26161620020866394,
        1.0018244981765747,
        3.5512783527374268
    ]
}