{
    "focal_length": 958.53662109375,
    "camera": [
        -0.0053175874054431915,
        0.8746935129165649,
        3.8365228176116943
    ]
}