{
    "focal_length": 958.53662109375,
    "camera": [
        0.01629655808210373,
        0.8965831398963928,
        3.9848692417144775
    ]
}