{
    "focal_length": 958.53662109375,
    "camera": [
        0.13698795437812805,
        0.9957173466682434,
        4.462832927703857
    ]
}