{
    "focal_length": 958.53662109375,
    "camera": [
        -0.26589664816856384,
        1.141566514968872,
        3.210615396499634
    ]
}