{
    "focal_length": 958.53662109375,
    "camera": [
        0.10008062422275543,
        0.933521032333374,
        4.38882303237915
    ]
}