{
    "focal_length": 958.53662109375,
    "camera": [
        -0.35685864090919495,
        1.1320385932922363,
        2.929211378097534
    ]
}