{
    "focal_length": 958.53662109375,
    "camera": [
        -0.35675039887428284,
        1.1318644285202026,
        2.928023338317871
    ]
}