{
    "focal_length": 958.53662109375,
    "camera": [
        -0.054316941648721695,
        1.241944670677185,
        3.0247483253479004
    ]
}