{
    "focal_length": 958.53662109375,
    "camera": [
        -0.41753315925598145,
        1.1485704183578491,
        2.94088077545166
    ]
}