{
    "focal_length": 958.53662109375,
    "camera": [
        -0.05607743188738823,
        1.071306586265564,
        5.670568466186523
    ]
}