{
    "focal_length": 958.53662109375,
    "camera": [
        -0.4878797233104706,
        1.1449010372161865,
        2.886946439743042
    ]
}