{
    "focal_length": 958.53662109375,
    "camera": [
        -0.1855771392583847,
        0.975436806678772,
        5.438722133636475
    ]
}