{
    "focal_length": 958.53662109375,
    "camera": [
        -0.14279352128505707,
        0.975226640701294,
        5.54531192779541
    ]
}