{
    "focal_length": 958.53662109375,
    "camera": [
        0.09593973308801651,
        0.9686766862869263,
        4.5231547355651855
    ]
}