{
    "focal_length": 958.53662109375,
    "camera": [
        -0.09859219193458557,
        0.8119986653327942,
        4.000240325927734
    ]
}