{
    "focal_length": 958.53662109375,
    "camera": [
        -0.08001109957695007,
        1.052432656288147,
        5.208675384521484
    ]
}