{
    "focal_length": 958.53662109375,
    "camera": [
        0.025408299639821053,
        0.973901629447937,
        6.01153564453125
    ]
}