{
    "focal_length": 958.53662109375,
    "camera": [
        -0.5117125511169434,
        1.1390116214752197,
        2.9923462867736816
    ]
}