{
    "focal_length": 958.53662109375,
    "camera": [
        -0.13347311317920685,
        0.9347521662712097,
        5.770364761352539
    ]
}