{
    "focal_length": 958.53662109375,
    "camera": [
        -0.02872532047331333,
        0.8772653341293335,
        3.762129545211792
    ]
}