{
    "focal_length": 958.53662109375,
    "camera": [
        -0.057004790753126144,
        1.2246838808059692,
        3.0273149013519287
    ]
}