{
    "focal_length": 958.53662109375,
    "camera": [
        -0.08363081514835358,
        1.0917537212371826,
        5.589905261993408
    ]
}