{
    "focal_length": 958.53662109375,
    "camera": [
        -0.21720600128173828,
        1.0345054864883423,
        5.293225288391113
    ]
}