{
    "focal_length": 958.53662109375,
    "camera": [
        -0.046320296823978424,
        0.8938909769058228,
        6.12313175201416
    ]
}