{
    "focal_length": 958.53662109375,
    "camera": [
        -0.13036690652370453,
        0.9579298496246338,
        5.66897439956665
    ]
}