{
    "focal_length": 958.53662109375,
    "camera": [
        -0.03619050607085228,
        0.897396445274353,
        6.076021671295166
    ]
}