{
    "focal_length": 958.53662109375,
    "camera": [
        0.14572525024414062,
        0.8793644905090332,
        5.436223983764648
    ]
}