{
    "focal_length": 958.53662109375,
    "camera": [
        -0.09258832037448883,
        0.917178213596344,
        6.0589518547058105
    ]
}