{
    "focal_length": 958.53662109375,
    "camera": [
        -0.3653688430786133,
        1.1251617670059204,
        2.9418718814849854
    ]
}