{
    "focal_length": 958.53662109375,
    "camera": [
        0.02132989652454853,
        1.0008549690246582,
        5.846125602722168
    ]
}