{
    "focal_length": 958.53662109375,
    "camera": [
        -0.002429485321044922,
        0.9335755109786987,
        6.025556564331055
    ]
}