{
    "focal_length": 958.53662109375,
    "camera": [
        0.06689674407243729,
        0.8901948928833008,
        4.422367572784424
    ]
}