{
    "focal_length": 958.53662109375,
    "camera": [
        0.12223347276449203,
        0.9734359979629517,
        5.202182769775391
    ]
}