{
    "focal_length": 958.53662109375,
    "camera": [
        -0.1348220705986023,
        0.9293766021728516,
        5.819031238555908
    ]
}