{
    "focal_length": 958.53662109375,
    "camera": [
        -0.09917962551116943,
        1.1393156051635742,
        3.196995735168457
    ]
}