{
    "focal_length": 958.53662109375,
    "camera": [
        -0.02029382437467575,
        0.9154635071754456,
        6.034684181213379
    ]
}