{
    "focal_length": 958.53662109375,
    "camera": [
        -0.05174543708562851,
        1.1878901720046997,
        3.082613706588745
    ]
}