{
    "focal_length": 958.53662109375,
    "camera": [
        -0.3358909487724304,
        1.0738520622253418,
        3.59334659576416
    ]
}