{
    "focal_length": 958.53662109375,
    "camera": [
        -0.4557211995124817,
        1.262801170349121,
        3.0237839221954346
    ]
}