{
    "focal_length": 958.53662109375,
    "camera": [
        -0.5188829898834229,
        1.1403781175613403,
        2.8954906463623047
    ]
}