{
    "focal_length": 958.53662109375,
    "camera": [
        0.14124910533428192,
        0.9072070121765137,
        5.300224781036377
    ]
}