{
    "focal_length": 958.53662109375,
    "camera": [
        -0.06050080060958862,
        0.8913536071777344,
        6.117189407348633
    ]
}