{
    "focal_length": 958.53662109375,
    "camera": [
        -0.20737969875335693,
        1.0107955932617188,
        3.462916135787964
    ]
}