{
    "focal_length": 958.53662109375,
    "camera": [
        -0.034171126782894135,
        1.0345854759216309,
        5.730806827545166
    ]
}