{
    "focal_length": 958.53662109375,
    "camera": [
        -0.1430109441280365,
        1.132559061050415,
        3.172685384750366
    ]
}