{
    "focal_length": 958.53662109375,
    "camera": [
        0.008732307702302933,
        0.994219958782196,
        5.805134296417236
    ]
}