{
    "focal_length": 958.53662109375,
    "camera": [
        -0.13100165128707886,
        1.0346148014068604,
        5.157644748687744
    ]
}