{
    "focal_length": 958.53662109375,
    "camera": [
        0.023597925901412964,
        1.0474684238433838,
        4.988631725311279
    ]
}