{
    "focal_length": 958.53662109375,
    "camera": [
        -0.42191818356513977,
        1.1608837842941284,
        3.170339584350586
    ]
}