{
    "focal_length": 958.53662109375,
    "camera": [
        -0.10203874111175537,
        1.2538483142852783,
        3.0041399002075195
    ]
}