{
    "focal_length": 958.53662109375,
    "camera": [
        -0.13682974874973297,
        0.9694196581840515,
        5.576226711273193
    ]
}