{
    "focal_length": 958.53662109375,
    "camera": [
        -0.46103131771087646,
        1.2529312372207642,
        3.0634119510650635
    ]
}