{
    "focal_length": 958.53662109375,
    "camera": [
        -0.28188344836235046,
        1.1058213710784912,
        3.199241876602173
    ]
}