{
    "focal_length": 958.53662109375,
    "camera": [
        -0.2086859792470932,
        1.015424370765686,
        5.2365593910217285
    ]
}