{
    "focal_length": 958.53662109375,
    "camera": [
        0.13313917815685272,
        1.0058364868164062,
        5.102544784545898
    ]
}