{
    "focal_length": 958.53662109375,
    "camera": [
        -0.23153015971183777,
        0.9580664038658142,
        3.391012191772461
    ]
}