{
    "focal_length": 958.53662109375,
    "camera": [
        0.12534184753894806,
        1.0059711933135986,
        5.140251636505127
    ]
}