{
    "focal_length": 958.53662109375,
    "camera": [
        -0.19090071320533752,
        1.1317992210388184,
        3.206223726272583
    ]
}