{
    "focal_length": 958.53662109375,
    "camera": [
        -0.09745409339666367,
        1.1374173164367676,
        3.1911091804504395
    ]
}