{
    "focal_length": 958.53662109375,
    "camera": [
        0.020996149629354477,
        0.9647361636161804,
        6.038392543792725
    ]
}