{
    "focal_length": 958.53662109375,
    "camera": [
        -0.16446946561336517,
        1.3199071884155273,
        3.0156941413879395
    ]
}