{
    "focal_length": 958.53662109375,
    "camera": [
        -0.25840118527412415,
        1.1381628513336182,
        3.187837600708008
    ]
}