{
    "focal_length": 958.53662109375,
    "camera": [
        0.11819994449615479,
        0.8967876434326172,
        4.445659160614014
    ]
}