{
    "focal_length": 958.53662109375,
    "camera": [
        0.13768702745437622,
        0.8887572288513184,
        5.3547210693359375
    ]
}