{
    "focal_length": 958.53662109375,
    "camera": [
        -0.07439933717250824,
        1.1663706302642822,
        3.0883584022521973
    ]
}