{
    "focal_length": 958.53662109375,
    "camera": [
        -0.04298291727900505,
        1.052740454673767,
        5.702208995819092
    ]
}