{
    "focal_length": 958.53662109375,
    "camera": [
        0.019799161702394485,
        0.998953104019165,
        5.806817054748535
    ]
}