{
    "focal_length": 958.53662109375,
    "camera": [
        -0.44095489382743835,
        1.1507536172866821,
        2.9049952030181885
    ]
}