{
    "focal_length": 958.53662109375,
    "camera": [
        -0.13233035802841187,
        0.9545239806175232,
        3.5978550910949707
    ]
}