{
    "focal_length": 958.53662109375,
    "camera": [
        -0.0849122703075409,
        1.2463226318359375,
        3.0042686462402344
    ]
}