{
    "focal_length": 958.53662109375,
    "camera": [
        -0.13897716999053955,
        0.9256901144981384,
        5.873250961303711
    ]
}