{
    "focal_length": 958.53662109375,
    "camera": [
        -0.2321031093597412,
        1.1365371942520142,
        3.1957552433013916
    ]
}