{
    "focal_length": 958.53662109375,
    "camera": [
        0.004019284620881081,
        0.8508003354072571,
        4.195892810821533
    ]
}