{
    "focal_length": 958.53662109375,
    "camera": [
        0.1752464771270752,
        0.9991662502288818,
        4.730693817138672
    ]
}