{
    "focal_length": 958.53662109375,
    "camera": [
        -0.20960527658462524,
        1.0482550859451294,
        5.38970947265625
    ]
}