{
    "focal_length": 958.53662109375,
    "camera": [
        -0.26949378848075867,
        1.1237618923187256,
        3.2201480865478516
    ]
}