{
    "focal_length": 958.53662109375,
    "camera": [
        -0.1342511922121048,
        1.1349010467529297,
        3.2029237747192383
    ]
}