{
    "focal_length": 958.53662109375,
    "camera": [
        0.11297011375427246,
        0.9866464138031006,
        4.282138347625732
    ]
}