{
    "focal_length": 958.53662109375,
    "camera": [
        0.13655710220336914,
        0.9183197021484375,
        5.282237529754639
    ]
}