{
    "focal_length": 958.53662109375,
    "camera": [
        -0.16599586606025696,
        1.1325440406799316,
        3.1554322242736816
    ]
}