{
    "focal_length": 958.53662109375,
    "camera": [
        -0.05158912017941475,
        0.8800894618034363,
        3.720656394958496
    ]
}