{
    "focal_length": 958.53662109375,
    "camera": [
        -0.003270462155342102,
        0.9367579221725464,
        6.071286201477051
    ]
}