{
    "focal_length": 958.53662109375,
    "camera": [
        -0.2644226849079132,
        1.1472959518432617,
        3.115997314453125
    ]
}