{
    "focal_length": 958.53662109375,
    "camera": [
        0.029342755675315857,
        0.9812924265861511,
        6.019189834594727
    ]
}