{
    "focal_length": 958.53662109375,
    "camera": [
        -0.026722267270088196,
        0.9041232466697693,
        6.074384689331055
    ]
}