{
    "focal_length": 958.53662109375,
    "camera": [
        0.12148966640233994,
        0.9943018555641174,
        5.175957202911377
    ]
}