{
    "focal_length": 958.53662109375,
    "camera": [
        0.12351872026920319,
        0.9660089612007141,
        5.222407817840576
    ]
}