{
    "focal_length": 958.53662109375,
    "camera": [
        -0.12832465767860413,
        1.1315637826919556,
        3.174518346786499
    ]
}