{
    "focal_length": 958.53662109375,
    "camera": [
        0.15969625115394592,
        0.9848556518554688,
        4.645422458648682
    ]
}