{
    "focal_length": 958.53662109375,
    "camera": [
        -0.15050268173217773,
        0.9724980592727661,
        5.541234493255615
    ]
}