{
    "focal_length": 958.53662109375,
    "camera": [
        0.07794536650180817,
        0.9293103218078613,
        4.103780746459961
    ]
}