{
    "focal_length": 958.53662109375,
    "camera": [
        0.15085522830486298,
        0.9932717084884644,
        4.780871391296387
    ]
}