{
    "focal_length": 958.53662109375,
    "camera": [
        0.12999020516872406,
        1.0046360492706299,
        4.404906272888184
    ]
}