{
    "focal_length": 958.53662109375,
    "camera": [
        -0.24938705563545227,
        1.1968170404434204,
        3.010338306427002
    ]
}