{
    "focal_length": 958.53662109375,
    "camera": [
        -0.169422909617424,
        1.1323282718658447,
        3.1370317935943604
    ]
}