{
    "focal_length": 958.53662109375,
    "camera": [
        -0.19966645538806915,
        0.909699022769928,
        3.3281562328338623
    ]
}