{
    "focal_length": 958.53662109375,
    "camera": [
        -0.23251666128635406,
        1.1665135622024536,
        3.0815043449401855
    ]
}