{
    "focal_length": 958.53662109375,
    "camera": [
        0.10755011439323425,
        0.9696776866912842,
        4.19893741607666
    ]
}