{
    "focal_length": 958.53662109375,
    "camera": [
        0.14993229508399963,
        0.9856516122817993,
        4.517773628234863
    ]
}