{
    "focal_length": 958.53662109375,
    "camera": [
        -0.16409608721733093,
        1.07268226146698,
        5.47663688659668
    ]
}