{
    "focal_length": 958.53662109375,
    "camera": [
        0.14350810647010803,
        0.8954630494117737,
        5.338014125823975
    ]
}