{
    "focal_length": 958.53662109375,
    "camera": [
        -0.06463459879159927,
        1.0831960439682007,
        5.618782997131348
    ]
}