{
    "focal_length": 958.53662109375,
    "camera": [
        -0.4955226480960846,
        1.1378742456436157,
        3.0094871520996094
    ]
}