{
    "focal_length": 958.53662109375,
    "camera": [
        -0.559346079826355,
        1.1473755836486816,
        2.936223030090332
    ]
}