{
    "focal_length": 958.53662109375,
    "camera": [
        0.04091091454029083,
        1.017786979675293,
        4.811135292053223
    ]
}