{
    "focal_length": 958.53662109375,
    "camera": [
        -0.14958420395851135,
        0.8158509731292725,
        3.7982771396636963
    ]
}