{
    "focal_length": 958.53662109375,
    "camera": [
        -0.05200693756341934,
        0.8907411098480225,
        6.098657131195068
    ]
}