{
    "focal_length": 958.53662109375,
    "camera": [
        -0.11645950376987457,
        0.8110967874526978,
        3.9025049209594727
    ]
}