{
    "focal_length": 958.53662109375,
    "camera": [
        -0.061541907489299774,
        1.176575779914856,
        3.090167284011841
    ]
}