{
    "focal_length": 958.53662109375,
    "camera": [
        -0.02605130523443222,
        1.0212920904159546,
        5.712337017059326
    ]
}