{
    "focal_length": 958.53662109375,
    "camera": [
        0.14743459224700928,
        0.9925915598869324,
        4.822071552276611
    ]
}