{
    "focal_length": 958.53662109375,
    "camera": [
        -0.2668917179107666,
        1.1983308792114258,
        2.988065242767334
    ]
}