{
    "focal_length": 958.53662109375,
    "camera": [
        0.11126816272735596,
        0.9216177463531494,
        4.43475866317749
    ]
}