{
    "focal_length": 958.53662109375,
    "camera": [
        -0.13185760378837585,
        0.9515826106071472,
        5.7206807136535645
    ]
}