{
    "focal_length": 958.53662109375,
    "camera": [
        -0.33506157994270325,
        1.0733133554458618,
        3.5889430046081543
    ]
}