{
    "focal_length": 958.53662109375,
    "camera": [
        -0.13256148993968964,
        0.9489044547080994,
        5.722942352294922
    ]
}