{
    "focal_length": 958.53662109375,
    "camera": [
        -0.15377017855644226,
        1.1371324062347412,
        3.1420843601226807
    ]
}