{
    "focal_length": 958.53662109375,
    "camera": [
        -0.12595786154270172,
        1.146435260772705,
        3.1270041465759277
    ]
}