{
    "focal_length": 958.53662109375,
    "camera": [
        -0.1924608051776886,
        0.9789301753044128,
        5.3600754737854
    ]
}