{
    "focal_length": 958.53662109375,
    "camera": [
        -0.08839008212089539,
        0.9110955595970154,
        3.6689870357513428
    ]
}