{
    "focal_length": 958.53662109375,
    "camera": [
        -0.30743497610092163,
        1.0854156017303467,
        3.234705686569214
    ]
}