{
    "focal_length": 958.53662109375,
    "camera": [
        -0.1004079282283783,
        0.918704092502594,
        6.035118579864502
    ]
}