{
    "focal_length": 958.53662109375,
    "camera": [
        0.14583884179592133,
        0.8778048157691956,
        5.411235809326172
    ]
}