{
    "focal_length": 958.53662109375,
    "camera": [
        -0.15147697925567627,
        0.979549765586853,
        3.5788722038269043
    ]
}