{
    "focal_length": 958.53662109375,
    "camera": [
        -0.390020489692688,
        1.1345953941345215,
        2.943782329559326
    ]
}