{
    "focal_length": 958.53662109375,
    "camera": [
        -0.1869540810585022,
        0.8807615041732788,
        3.3996822834014893
    ]
}