{
    "focal_length": 958.53662109375,
    "camera": [
        -0.10579639673233032,
        1.040655255317688,
        5.109244346618652
    ]
}