{
    "focal_length": 958.53662109375,
    "camera": [
        -0.10789181292057037,
        1.15315842628479,
        3.1180806159973145
    ]
}