{
    "focal_length": 958.53662109375,
    "camera": [
        -0.07735733687877655,
        1.2504688501358032,
        3.0392327308654785
    ]
}