{
    "focal_length": 958.53662109375,
    "camera": [
        -0.18092496693134308,
        0.9757106304168701,
        5.458499908447266
    ]
}