{
    "focal_length": 958.53662109375,
    "camera": [
        -0.21479196846485138,
        1.210084080696106,
        2.923706293106079
    ]
}