{
    "focal_length": 958.53662109375,
    "camera": [
        0.14022226631641388,
        0.8826665878295898,
        5.386723041534424
    ]
}