{
    "focal_length": 958.53662109375,
    "camera": [
        0.14078880846500397,
        0.8923892974853516,
        5.355247497558594
    ]
}