{
    "focal_length": 958.53662109375,
    "camera": [
        -0.38115552067756653,
        1.1398327350616455,
        2.953587055206299
    ]
}