{
    "focal_length": 958.53662109375,
    "camera": [
        -0.4370226562023163,
        1.199051856994629,
        2.9832067489624023
    ]
}