{
    "focal_length": 958.53662109375,
    "camera": [
        -0.5358392596244812,
        1.1459922790527344,
        2.9491961002349854
    ]
}