{
    "focal_length": 958.53662109375,
    "camera": [
        -0.45193392038345337,
        1.235903024673462,
        2.995903968811035
    ]
}