{
    "focal_length": 958.53662109375,
    "camera": [
        -0.06679249554872513,
        0.8988393545150757,
        6.101733207702637
    ]
}