{
    "focal_length": 958.53662109375,
    "camera": [
        -0.09093813598155975,
        1.1405640840530396,
        3.1994853019714355
    ]
}