{
    "focal_length": 958.53662109375,
    "camera": [
        -0.1366691291332245,
        0.9217308163642883,
        5.931773662567139
    ]
}