{
    "focal_length": 958.53662109375,
    "camera": [
        -0.17878784239292145,
        0.847180962562561,
        3.501401424407959
    ]
}