{
    "focal_length": 958.53662109375,
    "camera": [
        -0.5517835021018982,
        1.1422300338745117,
        2.8970348834991455
    ]
}