{
    "focal_length": 958.53662109375,
    "camera": [
        -0.10594719648361206,
        1.0898526906967163,
        5.5902862548828125
    ]
}