{
    "focal_length": 958.53662109375,
    "camera": [
        -0.45591697096824646,
        1.2538000345230103,
        2.997637987136841
    ]
}