{
    "focal_length": 958.53662109375,
    "camera": [
        -0.3380641043186188,
        1.1430484056472778,
        3.1474318504333496
    ]
}