{
    "focal_length": 958.53662109375,
    "camera": [
        -0.35622671246528625,
        1.1407338380813599,
        3.089907646179199
    ]
}