{
    "focal_length": 958.53662109375,
    "camera": [
        -0.4191884994506836,
        1.1808949708938599,
        3.1256000995635986
    ]
}