{
    "focal_length": 958.53662109375,
    "camera": [
        0.07974256575107574,
        0.9844155311584473,
        4.6597065925598145
    ]
}