{
    "focal_length": 958.53662109375,
    "camera": [
        0.004966013133525848,
        0.8820257186889648,
        3.893465518951416
    ]
}