{
    "focal_length": 958.53662109375,
    "camera": [
        -0.054457783699035645,
        0.8824897408485413,
        6.150452613830566
    ]
}