{
    "focal_length": 958.53662109375,
    "camera": [
        -0.12958718836307526,
        0.9655014872550964,
        5.598913669586182
    ]
}