{
    "focal_length": 958.53662109375,
    "camera": [
        -0.4160311818122864,
        1.161490559577942,
        2.9615533351898193
    ]
}