{
    "focal_length": 958.53662109375,
    "camera": [
        -0.04721217602491379,
        0.8313131332397461,
        4.094606876373291
    ]
}