{
    "focal_length": 958.53662109375,
    "camera": [
        -0.16220994293689728,
        0.8279697895050049,
        3.6205332279205322
    ]
}