{
    "focal_length": 958.53662109375,
    "camera": [
        -0.24368248879909515,
        1.189516305923462,
        3.009734869003296
    ]
}