{
    "focal_length": 958.53662109375,
    "camera": [
        -0.36012083292007446,
        1.136483907699585,
        2.943223476409912
    ]
}