{
    "focal_length": 958.53662109375,
    "camera": [
        -0.13079632818698883,
        0.9208095073699951,
        5.965793609619141
    ]
}