{
    "focal_length": 958.53662109375,
    "camera": [
        -0.059616923332214355,
        0.8803359866142273,
        6.165135383605957
    ]
}