{
    "focal_length": 958.53662109375,
    "camera": [
        -0.40585118532180786,
        1.148260235786438,
        2.9699785709381104
    ]
}