{
    "focal_length": 958.53662109375,
    "camera": [
        -0.08139912039041519,
        0.8237907886505127,
        4.037951946258545
    ]
}