{
    "focal_length": 958.53662109375,
    "camera": [
        0.005233645439147949,
        0.996834933757782,
        5.783637046813965
    ]
}