{
    "focal_length": 958.53662109375,
    "camera": [
        -0.17972195148468018,
        1.0193942785263062,
        5.180239677429199
    ]
}