{
    "focal_length": 958.53662109375,
    "camera": [
        -0.11995677649974823,
        0.9181712865829468,
        6.017988204956055
    ]
}