{
    "focal_length": 958.53662109375,
    "camera": [
        -0.21408450603485107,
        1.0445775985717773,
        5.3163652420043945
    ]
}