{
    "focal_length": 958.53662109375,
    "camera": [
        -0.03126861900091171,
        0.9048783183097839,
        6.08791971206665
    ]
}