{
    "focal_length": 958.53662109375,
    "camera": [
        -0.10673046112060547,
        0.9339650869369507,
        3.6150810718536377
    ]
}