{
    "focal_length": 958.53662109375,
    "camera": [
        0.058372125029563904,
        1.0014588832855225,
        4.722386837005615
    ]
}