{
    "focal_length": 958.53662109375,
    "camera": [
        -0.08840496093034744,
        1.139439344406128,
        3.1942551136016846
    ]
}