{
    "focal_length": 958.53662109375,
    "camera": [
        -0.1272064596414566,
        0.9614601135253906,
        5.623265743255615
    ]
}