{
    "focal_length": 958.53662109375,
    "camera": [
        -0.11193246394395828,
        0.9181632995605469,
        6.023377418518066
    ]
}