{
    "focal_length": 958.53662109375,
    "camera": [
        -0.4047027826309204,
        1.1375235319137573,
        3.2143235206604004
    ]
}