{
    "focal_length": 958.53662109375,
    "camera": [
        -0.44476884603500366,
        1.2272125482559204,
        3.077017307281494
    ]
}