{
    "focal_length": 958.53662109375,
    "camera": [
        0.02276015095412731,
        0.9950990676879883,
        5.946658611297607
    ]
}