{
    "focal_length": 958.53662109375,
    "camera": [
        -0.1792001724243164,
        1.1317577362060547,
        3.145582675933838
    ]
}