{
    "focal_length": 958.53662109375,
    "camera": [
        -0.3738313913345337,
        1.1363403797149658,
        2.970411777496338
    ]
}