{
    "focal_length": 958.53662109375,
    "camera": [
        -0.13285627961158752,
        0.9401777982711792,
        5.759834289550781
    ]
}