{
    "focal_length": 958.53662109375,
    "camera": [
        0.13009437918663025,
        0.9400278329849243,
        5.256049156188965
    ]
}