{
    "focal_length": 958.53662109375,
    "camera": [
        -0.12049060314893723,
        1.2680833339691162,
        3.010246753692627
    ]
}