{
    "focal_length": 958.53662109375,
    "camera": [
        -0.04853948950767517,
        1.0674614906311035,
        5.191173076629639
    ]
}