{
    "focal_length": 958.53662109375,
    "camera": [
        0.13452616333961487,
        0.9198940396308899,
        5.276873588562012
    ]
}