{
    "focal_length": 958.53662109375,
    "camera": [
        -0.061681658029556274,
        0.8856363892555237,
        6.1772332191467285
    ]
}