{
    "focal_length": 958.53662109375,
    "camera": [
        -0.5500521659851074,
        1.148160457611084,
        2.9379050731658936
    ]
}