{
    "focal_length": 958.53662109375,
    "camera": [
        0.02192177250981331,
        1.0004264116287231,
        5.798616886138916
    ]
}