{
    "focal_length": 958.53662109375,
    "camera": [
        -0.2457888424396515,
        1.0357815027236938,
        3.4146029949188232
    ]
}