{
    "focal_length": 958.53662109375,
    "camera": [
        -0.44527000188827515,
        1.1390742063522339,
        3.049434185028076
    ]
}