{
    "focal_length": 958.53662109375,
    "camera": [
        -0.12818408012390137,
        1.2808773517608643,
        2.9943301677703857
    ]
}