{
    "focal_length": 958.53662109375,
    "camera": [
        -0.05974841117858887,
        0.883009135723114,
        6.154985427856445
    ]
}