{
    "focal_length": 958.53662109375,
    "camera": [
        -0.13182878494262695,
        0.938876748085022,
        5.744983673095703
    ]
}