{
    "focal_length": 958.53662109375,
    "camera": [
        0.13946008682250977,
        1.005499005317688,
        5.018884658813477
    ]
}