{
    "focal_length": 958.53662109375,
    "camera": [
        -0.4004333019256592,
        1.1201246976852417,
        3.2657032012939453
    ]
}