{
    "focal_length": 1955.226806640625,
    "camera": [
        0.18511442840099335,
        0.5185832977294922,
        5.647519111633301
    ]
}