{
    "focal_length": 1955.226806640625,
    "camera": [
        0.18209779262542725,
        0.5174554586410522,
        5.652714252471924
    ]
}