{
    "focal_length": 1955.226806640625,
    "camera": [
        0.19392167031764984,
        0.5166424512863159,
        5.639240741729736
    ]
}