{
    "focal_length": 1955.226806640625,
    "camera": [
        0.19017939269542694,
        0.5190312266349792,
        5.629756927490234
    ]
}