{
    "focal_length": 1955.226806640625,
    "camera": [
        0.18140637874603271,
        0.5178678631782532,
        5.636789798736572
    ]
}