{
    "focal_length": 1955.226806640625,
    "camera": [
        0.18860596418380737,
        0.5189657211303711,
        5.623992443084717
    ]
}