{
    "focal_length": 1955.226806640625,
    "camera": [
        0.18788237869739532,
        0.5184003710746765,
        5.627191066741943
    ]
}