{
    "focal_length": 1955.226806640625,
    "camera": [
        0.1862330436706543,
        0.517875075340271,
        5.652770519256592
    ]
}