{
    "focal_length": 1955.226806640625,
    "camera": [
        0.19249379634857178,
        0.5193377137184143,
        5.631064414978027
    ]
}