{
    "focal_length": 1955.226806640625,
    "camera": [
        0.19450782239437103,
        0.5179131031036377,
        5.646518230438232
    ]
}