{
    "focal_length": 1955.226806640625,
    "camera": [
        0.19293130934238434,
        0.5186156034469604,
        5.637378215789795
    ]
}