{
    "focal_length": 1955.226806640625,
    "camera": [
        0.18150067329406738,
        0.520047664642334,
        5.632650852203369
    ]
}