{
    "focal_length": 1955.226806640625,
    "camera": [
        0.1861017346382141,
        0.5185215473175049,
        5.651986598968506
    ]
}