{
    "focal_length": 1955.226806640625,
    "camera": [
        0.19215279817581177,
        0.5192914009094238,
        5.631016254425049
    ]
}