{
    "focal_length": 1955.226806640625,
    "camera": [
        0.19015759229660034,
        0.5213732719421387,
        5.625279903411865
    ]
}