{
    "focal_length": 1955.226806640625,
    "camera": [
        0.18181118369102478,
        0.5175875425338745,
        5.658230781555176
    ]
}