{
    "focal_length": 1955.226806640625,
    "camera": [
        0.19070805609226227,
        0.5211607813835144,
        5.628785133361816
    ]
}