{
    "focal_length": 1955.226806640625,
    "camera": [
        0.19086895883083344,
        0.5206612348556519,
        5.620710372924805
    ]
}