{
    "focal_length": 1955.226806640625,
    "camera": [
        0.18216702342033386,
        0.5168894529342651,
        5.643291473388672
    ]
}