{
    "focal_length": 1955.226806640625,
    "camera": [
        0.18009811639785767,
        0.5206708908081055,
        5.6338911056518555
    ]
}