{
    "focal_length": 1955.226806640625,
    "camera": [
        0.18471041321754456,
        0.5181775093078613,
        5.6294660568237305
    ]
}