{
    "focal_length": 1955.226806640625,
    "camera": [
        0.18476009368896484,
        0.5199941396713257,
        5.6424078941345215
    ]
}