{
    "focal_length": 1955.226806640625,
    "camera": [
        0.18864497542381287,
        0.5192632675170898,
        5.624056339263916
    ]
}