{
    "focal_length": 1955.226806640625,
    "camera": [
        0.18213172256946564,
        0.519894540309906,
        5.641597747802734
    ]
}