{
    "focal_length": 1955.226806640625,
    "camera": [
        0.190801739692688,
        0.5202904939651489,
        5.623197555541992
    ]
}