{
    "focal_length": 1955.226806640625,
    "camera": [
        0.179987370967865,
        0.5193296670913696,
        5.642131328582764
    ]
}