{
    "focal_length": 1955.226806640625,
    "camera": [
        0.18750439584255219,
        0.5185142755508423,
        5.627699851989746
    ]
}