{
    "focal_length": 1955.226806640625,
    "camera": [
        0.19096411764621735,
        0.5194835662841797,
        5.624314308166504
    ]
}