{
    "focal_length": 1955.226806640625,
    "camera": [
        0.18258096277713776,
        0.5201295614242554,
        5.634531497955322
    ]
}