{
    "focal_length": 1955.226806640625,
    "camera": [
        0.18250001966953278,
        0.5177671313285828,
        5.646011829376221
    ]
}