{
    "focal_length": 1955.226806640625,
    "camera": [
        0.1885935366153717,
        0.5185139179229736,
        5.623812198638916
    ]
}