{
    "focal_length": 1955.226806640625,
    "camera": [
        0.18796391785144806,
        0.5169839859008789,
        5.670323371887207
    ]
}