{
    "focal_length": 1955.226806640625,
    "camera": [
        0.1857101321220398,
        0.5194705724716187,
        5.619606971740723
    ]
}