{
    "focal_length": 1955.226806640625,
    "camera": [
        0.1824132800102234,
        0.5169833898544312,
        5.644505023956299
    ]
}