{
    "focal_length": 1955.226806640625,
    "camera": [
        0.1864067018032074,
        0.5187692046165466,
        5.625613212585449
    ]
}