{
    "focal_length": 1955.226806640625,
    "camera": [
        0.18508382141590118,
        0.5178251266479492,
        5.630143165588379
    ]
}