{
    "focal_length": 1955.226806640625,
    "camera": [
        0.1885029673576355,
        0.519417405128479,
        5.622434139251709
    ]
}