{
    "focal_length": 1955.226806640625,
    "camera": [
        0.1824251413345337,
        0.5173021554946899,
        5.637524604797363
    ]
}