{
    "focal_length": 1955.226806640625,
    "camera": [
        0.19060252606868744,
        0.5190436840057373,
        5.631009101867676
    ]
}