{
    "focal_length": 1955.226806640625,
    "camera": [
        0.1816655993461609,
        0.5179586410522461,
        5.646360874176025
    ]
}