{
    "focal_length": 1955.226806640625,
    "camera": [
        0.19094984233379364,
        0.5194071531295776,
        5.631368160247803
    ]
}