{
    "focal_length": 1955.226806640625,
    "camera": [
        0.1907990574836731,
        0.5205051898956299,
        5.621664524078369
    ]
}