{
    "focal_length": 1955.226806640625,
    "camera": [
        0.1796710044145584,
        0.5197626352310181,
        5.634458541870117
    ]
}