{
    "focal_length": 1955.226806640625,
    "camera": [
        0.18046972155570984,
        0.5187585353851318,
        5.643510341644287
    ]
}