{
    "focal_length": 1955.226806640625,
    "camera": [
        0.1850578784942627,
        0.5186280608177185,
        5.651204586029053
    ]
}