{
    "focal_length": 1955.226806640625,
    "camera": [
        0.19400781393051147,
        0.5167131423950195,
        5.639391899108887
    ]
}