{
    "focal_length": 1955.226806640625,
    "camera": [
        0.19059491157531738,
        0.5212948322296143,
        5.623121738433838
    ]
}