{
    "focal_length": 1955.226806640625,
    "camera": [
        0.18276876211166382,
        0.5179254412651062,
        5.6291985511779785
    ]
}