{
    "focal_length": 1955.226806640625,
    "camera": [
        0.18332365155220032,
        0.5183990597724915,
        5.63493013381958
    ]
}