{
    "focal_length": 1955.226806640625,
    "camera": [
        0.18516138195991516,
        0.518273115158081,
        5.622699737548828
    ]
}