{
    "focal_length": 1955.226806640625,
    "camera": [
        0.18032023310661316,
        0.5201040506362915,
        5.638876914978027
    ]
}