{
    "focal_length": 1955.226806640625,
    "camera": [
        0.18266576528549194,
        0.5194798707962036,
        5.637786388397217
    ]
}