{
    "focal_length": 1955.226806640625,
    "camera": [
        0.1848037838935852,
        0.5200580954551697,
        5.640676021575928
    ]
}