{
    "focal_length": 1955.226806640625,
    "camera": [
        0.1891244649887085,
        0.5198042392730713,
        5.623383522033691
    ]
}