{
    "focal_length": 1955.226806640625,
    "camera": [
        0.19078604876995087,
        0.5211290717124939,
        5.622065544128418
    ]
}