{
    "focal_length": 1955.226806640625,
    "camera": [
        0.1905771642923355,
        0.5211957693099976,
        5.62739372253418
    ]
}