{
    "focal_length": 1955.226806640625,
    "camera": [
        0.1835431456565857,
        0.520542323589325,
        5.629347801208496
    ]
}