{
    "focal_length": 1955.226806640625,
    "camera": [
        0.18293917179107666,
        0.5204606056213379,
        5.634731769561768
    ]
}