{
    "focal_length": 1955.226806640625,
    "camera": [
        0.1910211443901062,
        0.5202536582946777,
        5.62501335144043
    ]
}