{
    "focal_length": 1955.226806640625,
    "camera": [
        0.1847081035375595,
        0.5177870988845825,
        5.633400917053223
    ]
}