{
    "focal_length": 1955.226806640625,
    "camera": [
        0.1852249801158905,
        0.5194443464279175,
        5.622379779815674
    ]
}