{
    "focal_length": 1955.226806640625,
    "camera": [
        0.18435567617416382,
        0.5175858736038208,
        5.632935047149658
    ]
}