{
    "focal_length": 1955.226806640625,
    "camera": [
        0.1849410980939865,
        0.5178624391555786,
        5.629692077636719
    ]
}