{
    "focal_length": 1955.226806640625,
    "camera": [
        0.18071585893630981,
        0.5206029415130615,
        5.636141300201416
    ]
}