{
    "focal_length": 1955.226806640625,
    "camera": [
        0.18716739118099213,
        0.51781165599823,
        5.653990745544434
    ]
}