{
    "focal_length": 1955.226806640625,
    "camera": [
        0.19138646125793457,
        0.5210281014442444,
        5.6220879554748535
    ]
}