{
    "focal_length": 1955.226806640625,
    "camera": [
        0.19271627068519592,
        0.5198729038238525,
        5.631775856018066
    ]
}