{
    "focal_length": 1955.226806640625,
    "camera": [
        0.1910639852285385,
        0.5192114114761353,
        5.63045597076416
    ]
}