{
    "focal_length": 1955.226806640625,
    "camera": [
        0.19053460657596588,
        0.5202487707138062,
        5.622476577758789
    ]
}