{
    "focal_length": 1955.226806640625,
    "camera": [
        0.18094350397586823,
        0.5194389224052429,
        5.633077621459961
    ]
}