{
    "focal_length": 1955.226806640625,
    "camera": [
        0.1813647449016571,
        0.5203137397766113,
        5.632462978363037
    ]
}