{
    "focal_length": 1955.226806640625,
    "camera": [
        0.18094521760940552,
        0.5196336507797241,
        5.634902000427246
    ]
}