{
    "focal_length": 1955.226806640625,
    "camera": [
        0.18169747292995453,
        0.5180114507675171,
        5.64247465133667
    ]
}