{
    "focal_length": 1955.226806640625,
    "camera": [
        0.18942667543888092,
        0.5194135904312134,
        5.6231584548950195
    ]
}