{
    "focal_length": 1955.226806640625,
    "camera": [
        0.18321390450000763,
        0.5211166143417358,
        5.629807472229004
    ]
}