{
    "focal_length": 1955.226806640625,
    "camera": [
        0.19076575338840485,
        0.5203368663787842,
        5.62386417388916
    ]
}