{
    "focal_length": 1955.226806640625,
    "camera": [
        0.18100574612617493,
        0.5201549530029297,
        5.631873607635498
    ]
}