{
    "focal_length": 1955.226806640625,
    "camera": [
        0.18422527611255646,
        0.5202351808547974,
        5.637908458709717
    ]
}