{
    "focal_length": 1955.226806640625,
    "camera": [
        0.1823725700378418,
        0.517099142074585,
        5.641174793243408
    ]
}