{
    "focal_length": 1955.226806640625,
    "camera": [
        0.18754857778549194,
        0.5172286033630371,
        5.654874324798584
    ]
}