{
    "focal_length": 1955.226806640625,
    "camera": [
        0.190208300948143,
        0.5205380916595459,
        5.628139495849609
    ]
}