{
    "focal_length": 1955.226806640625,
    "camera": [
        0.18163034319877625,
        0.5175004005432129,
        5.638001441955566
    ]
}