{
    "focal_length": 1955.226806640625,
    "camera": [
        0.18042868375778198,
        0.5196526050567627,
        5.636234760284424
    ]
}