{
    "focal_length": 1955.226806640625,
    "camera": [
        0.18169058859348297,
        0.5178874135017395,
        5.64596700668335
    ]
}