{
    "focal_length": 1955.226806640625,
    "camera": [
        0.19395297765731812,
        0.5172972679138184,
        5.6417036056518555
    ]
}