{
    "focal_length": 1955.226806640625,
    "camera": [
        0.18140818178653717,
        0.5188665986061096,
        5.6493988037109375
    ]
}