{
    "focal_length": 1955.226806640625,
    "camera": [
        0.18127872049808502,
        0.5176668167114258,
        5.640127182006836
    ]
}