{
    "focal_length": 1955.226806640625,
    "camera": [
        0.1821938306093216,
        0.5181303024291992,
        5.646090507507324
    ]
}