{
    "focal_length": 1955.226806640625,
    "camera": [
        0.1816720813512802,
        0.5188804864883423,
        5.645617485046387
    ]
}