{
    "focal_length": 1955.226806640625,
    "camera": [
        0.19042614102363586,
        0.5212383270263672,
        5.626486778259277
    ]
}