{
    "focal_length": 1955.226806640625,
    "camera": [
        0.1925230771303177,
        0.5195221900939941,
        5.63197135925293
    ]
}