{
    "focal_length": 1955.226806640625,
    "camera": [
        0.18160513043403625,
        0.517906665802002,
        5.6450276374816895
    ]
}