{
    "focal_length": 1955.226806640625,
    "camera": [
        0.18032456934452057,
        0.5196043252944946,
        5.637469291687012
    ]
}