{
    "focal_length": 1955.226806640625,
    "camera": [
        0.19392772018909454,
        0.5171693563461304,
        5.639408111572266
    ]
}