{
    "focal_length": 1955.226806640625,
    "camera": [
        0.19113780558109283,
        0.5207401514053345,
        5.6211347579956055
    ]
}