{
    "focal_length": 1955.226806640625,
    "camera": [
        0.1820683479309082,
        0.518086850643158,
        5.645571231842041
    ]
}