{
    "focal_length": 1955.226806640625,
    "camera": [
        0.1905289590358734,
        0.5217036008834839,
        5.621643543243408
    ]
}