{
    "focal_length": 1955.226806640625,
    "camera": [
        0.18299420177936554,
        0.5179015398025513,
        5.633058547973633
    ]
}