{
    "focal_length": 1955.226806640625,
    "camera": [
        0.1832551807165146,
        0.518587052822113,
        5.629483699798584
    ]
}