{
    "focal_length": 1955.226806640625,
    "camera": [
        0.18230897188186646,
        0.5172069072723389,
        5.6373186111450195
    ]
}