{
    "focal_length": 1955.226806640625,
    "camera": [
        0.17993375658988953,
        0.5207114219665527,
        5.6291303634643555
    ]
}