{
    "focal_length": 1955.226806640625,
    "camera": [
        0.1822836548089981,
        0.5174393653869629,
        5.632143020629883
    ]
}