{
    "focal_length": 1955.226806640625,
    "camera": [
        0.1830861121416092,
        0.5175710916519165,
        5.6382012367248535
    ]
}