{
    "focal_length": 1955.226806640625,
    "camera": [
        0.18481506407260895,
        0.5187530517578125,
        5.625390529632568
    ]
}