{
    "focal_length": 1955.226806640625,
    "camera": [
        0.18739020824432373,
        0.5172601938247681,
        5.658487796783447
    ]
}