{
    "focal_length": 1955.226806640625,
    "camera": [
        0.18045005202293396,
        0.5190186500549316,
        5.638827800750732
    ]
}