{
    "focal_length": 1955.226806640625,
    "camera": [
        0.18266350030899048,
        0.5175079107284546,
        5.633049964904785
    ]
}