{
    "focal_length": 1955.226806640625,
    "camera": [
        0.1899566352367401,
        0.5218783617019653,
        5.616933345794678
    ]
}