{
    "focal_length": 1955.226806640625,
    "camera": [
        0.18400239944458008,
        0.5176849365234375,
        5.637190341949463
    ]
}