{
    "focal_length": 1955.226806640625,
    "camera": [
        0.18867778778076172,
        0.5194679498672485,
        5.620389461517334
    ]
}