{
    "focal_length": 1955.226806640625,
    "camera": [
        0.1928960233926773,
        0.5191648006439209,
        5.635436534881592
    ]
}