{
    "focal_length": 1955.226806640625,
    "camera": [
        0.18989481031894684,
        0.5195462107658386,
        5.624003887176514
    ]
}