{
    "focal_length": 1955.226806640625,
    "camera": [
        0.19301271438598633,
        0.5185783505439758,
        5.637585639953613
    ]
}