{
    "focal_length": 1955.226806640625,
    "camera": [
        0.19121325016021729,
        0.5192900896072388,
        5.629091739654541
    ]
}