{
    "focal_length": 1955.226806640625,
    "camera": [
        0.1847018152475357,
        0.5173056125640869,
        5.636833190917969
    ]
}