{
    "focal_length": 1955.226806640625,
    "camera": [
        0.1932259202003479,
        0.5184469223022461,
        5.637903690338135
    ]
}