{
    "focal_length": 1955.226806640625,
    "camera": [
        0.18500344455242157,
        0.5190456509590149,
        5.6207733154296875
    ]
}