{
    "focal_length": 1955.226806640625,
    "camera": [
        0.18150876462459564,
        0.520228385925293,
        5.634377479553223
    ]
}