{
    "focal_length": 1955.226806640625,
    "camera": [
        0.1814894825220108,
        0.5183548331260681,
        5.642574310302734
    ]
}