{
    "focal_length": 1955.226806640625,
    "camera": [
        0.19384676218032837,
        0.5174789428710938,
        5.637791633605957
    ]
}