{
    "focal_length": 1955.226806640625,
    "camera": [
        0.18468274176120758,
        0.5179767608642578,
        5.62880802154541
    ]
}