{
    "focal_length": 1955.226806640625,
    "camera": [
        0.19120410084724426,
        0.5207505226135254,
        5.621602535247803
    ]
}