{
    "focal_length": 1955.226806640625,
    "camera": [
        0.1851290464401245,
        0.5191271305084229,
        5.639535427093506
    ]
}