{
    "focal_length": 1955.226806640625,
    "camera": [
        0.1925826072692871,
        0.5196484327316284,
        5.631234645843506
    ]
}