{
    "focal_length": 1955.226806640625,
    "camera": [
        0.19103027880191803,
        0.5213660597801208,
        5.621316909790039
    ]
}