{
    "focal_length": 1955.226806640625,
    "camera": [
        0.18235604465007782,
        0.5180341005325317,
        5.637551784515381
    ]
}