{
    "focal_length": 1955.226806640625,
    "camera": [
        5.285730838775635,
        -0.36342495679855347,
        14.460731506347656
    ]
}