{
    "focal_length": 1955.226806640625,
    "camera": [
        5.303662300109863,
        -0.36575907468795776,
        14.498645782470703
    ]
}