{
    "focal_length": 1955.226806640625,
    "camera": [
        5.243161201477051,
        -0.3569048047065735,
        14.358336448669434
    ]
}