{
    "focal_length": 1955.226806640625,
    "camera": [
        5.2830424308776855,
        -0.36367297172546387,
        14.452066421508789
    ]
}