{
    "focal_length": 1955.226806640625,
    "camera": [
        5.313751220703125,
        -0.36706435680389404,
        14.538101196289062
    ]
}