{
    "focal_length": 1955.226806640625,
    "camera": [
        5.289961338043213,
        -0.3639097809791565,
        14.471030235290527
    ]
}