{
    "focal_length": 1955.226806640625,
    "camera": [
        5.310253143310547,
        -0.36782318353652954,
        14.526991844177246
    ]
}