{
    "focal_length": 1955.226806640625,
    "camera": [
        5.245331287384033,
        -0.3711357116699219,
        14.423666000366211
    ]
}