{
    "focal_length": 1955.226806640625,
    "camera": [
        5.354466438293457,
        -0.39936286211013794,
        14.6980619430542
    ]
}