{
    "focal_length": 1955.226806640625,
    "camera": [
        5.31070613861084,
        -0.36875230073928833,
        14.530828475952148
    ]
}