{
    "focal_length": 1955.226806640625,
    "camera": [
        5.286724090576172,
        -0.36410409212112427,
        14.462662696838379
    ]
}