{
    "focal_length": 1955.226806640625,
    "camera": [
        5.238545894622803,
        -0.35709112882614136,
        14.344782829284668
    ]
}