{
    "focal_length": 1955.226806640625,
    "camera": [
        5.235494613647461,
        -0.3578328490257263,
        14.352511405944824
    ]
}