{
    "focal_length": 1955.226806640625,
    "camera": [
        5.287851333618164,
        -0.36052924394607544,
        14.452537536621094
    ]
}