{
    "focal_length": 1955.226806640625,
    "camera": [
        5.352922439575195,
        -0.4100748896598816,
        14.733070373535156
    ]
}