{
    "focal_length": 1955.226806640625,
    "camera": [
        5.285853862762451,
        -0.3633330464363098,
        14.451119422912598
    ]
}