{
    "focal_length": 1955.226806640625,
    "camera": [
        5.227399826049805,
        -0.3693467974662781,
        14.38961124420166
    ]
}