{
    "focal_length": 1955.226806640625,
    "camera": [
        5.302459716796875,
        -0.3661169409751892,
        14.506546020507812
    ]
}