{
    "focal_length": 1955.226806640625,
    "camera": [
        5.243720531463623,
        -0.35773324966430664,
        14.344648361206055
    ]
}