{
    "focal_length": 1955.226806640625,
    "camera": [
        5.318612575531006,
        -0.37109506130218506,
        14.552473068237305
    ]
}