{
    "focal_length": 1955.226806640625,
    "camera": [
        5.296517848968506,
        -0.364276647567749,
        14.490281105041504
    ]
}