{
    "focal_length": 1955.226806640625,
    "camera": [
        5.246251583099365,
        -0.35924237966537476,
        14.37722396850586
    ]
}