{
    "focal_length": 1955.226806640625,
    "camera": [
        5.290886402130127,
        -0.36443620920181274,
        14.465469360351562
    ]
}