{
    "focal_length": 1955.226806640625,
    "camera": [
        5.234909534454346,
        -0.3577371835708618,
        14.348395347595215
    ]
}