{
    "focal_length": 1955.226806640625,
    "camera": [
        5.296182632446289,
        -0.3661062717437744,
        14.480975151062012
    ]
}