{
    "focal_length": 1955.226806640625,
    "camera": [
        5.259694576263428,
        -0.3708074688911438,
        14.450220108032227
    ]
}