{
    "focal_length": 1955.226806640625,
    "camera": [
        5.305822849273682,
        -0.365261435508728,
        14.509899139404297
    ]
}