{
    "focal_length": 1955.226806640625,
    "camera": [
        5.263798713684082,
        -0.3575151562690735,
        14.389981269836426
    ]
}