{
    "focal_length": 1955.226806640625,
    "camera": [
        5.290231227874756,
        -0.3965075612068176,
        14.588985443115234
    ]
}