{
    "focal_length": 1955.226806640625,
    "camera": [
        5.289857864379883,
        -0.3621944785118103,
        14.45789909362793
    ]
}