{
    "focal_length": 1955.226806640625,
    "camera": [
        5.218759536743164,
        -0.35233521461486816,
        14.288025856018066
    ]
}