{
    "focal_length": 1955.226806640625,
    "camera": [
        5.310756206512451,
        -0.36870741844177246,
        14.529438018798828
    ]
}