{
    "focal_length": 1955.226806640625,
    "camera": [
        5.313281059265137,
        -0.36858004331588745,
        14.536027908325195
    ]
}