{
    "focal_length": 1955.226806640625,
    "camera": [
        5.279219627380371,
        -0.36079901456832886,
        14.440133094787598
    ]
}