{
    "focal_length": 1955.226806640625,
    "camera": [
        5.290968418121338,
        -0.36289191246032715,
        14.477120399475098
    ]
}