{
    "focal_length": 1955.226806640625,
    "camera": [
        5.3027520179748535,
        -0.3661622405052185,
        14.507948875427246
    ]
}