{
    "focal_length": 1955.226806640625,
    "camera": [
        5.293949127197266,
        -0.36849159002304077,
        14.485983848571777
    ]
}