{
    "focal_length": 1955.226806640625,
    "camera": [
        5.26934814453125,
        -0.380878746509552,
        14.525643348693848
    ]
}