{
    "focal_length": 1955.226806640625,
    "camera": [
        5.294379234313965,
        -0.3669092655181885,
        14.480629920959473
    ]
}