{
    "focal_length": 1955.226806640625,
    "camera": [
        5.287748336791992,
        -0.3647432327270508,
        14.467703819274902
    ]
}