{
    "focal_length": 1955.226806640625,
    "camera": [
        5.229061603546143,
        -0.35389137268066406,
        14.32168960571289
    ]
}