{
    "focal_length": 1955.226806640625,
    "camera": [
        5.234716415405273,
        -0.3621944785118103,
        14.36562728881836
    ]
}