{
    "focal_length": 1955.226806640625,
    "camera": [
        5.310031414031982,
        -0.36690860986709595,
        14.528573036193848
    ]
}