{
    "focal_length": 1955.226806640625,
    "camera": [
        5.307620525360107,
        -0.36729902029037476,
        14.522896766662598
    ]
}