{
    "focal_length": 1955.226806640625,
    "camera": [
        5.23112154006958,
        -0.3551862835884094,
        14.317231178283691
    ]
}