{
    "focal_length": 1955.226806640625,
    "camera": [
        5.323601245880127,
        -0.404910683631897,
        14.66933536529541
    ]
}