{
    "focal_length": 1955.226806640625,
    "camera": [
        5.31983757019043,
        -0.3718835711479187,
        14.551570892333984
    ]
}