{
    "focal_length": 1955.226806640625,
    "camera": [
        5.313180446624756,
        -0.3693327307701111,
        14.535161972045898
    ]
}