{
    "focal_length": 1955.226806640625,
    "camera": [
        5.246898651123047,
        -0.35948193073272705,
        14.371764183044434
    ]
}