{
    "focal_length": 1955.226806640625,
    "camera": [
        5.2794575691223145,
        -0.36578094959259033,
        14.461080551147461
    ]
}