{
    "focal_length": 1955.226806640625,
    "camera": [
        5.322327613830566,
        -0.3709189295768738,
        14.561944961547852
    ]
}