{
    "focal_length": 1955.226806640625,
    "camera": [
        5.281167984008789,
        -0.3570634722709656,
        14.425671577453613
    ]
}