{
    "focal_length": 1955.226806640625,
    "camera": [
        5.3041300773620605,
        -0.3658788800239563,
        14.514760971069336
    ]
}