{
    "focal_length": 1955.226806640625,
    "camera": [
        5.255328178405762,
        -0.3601624369621277,
        14.392423629760742
    ]
}