{
    "focal_length": 1955.226806640625,
    "camera": [
        5.258219242095947,
        -0.3599852919578552,
        14.410676002502441
    ]
}