{
    "focal_length": 1955.226806640625,
    "camera": [
        5.290765762329102,
        -0.36432570219039917,
        14.46943473815918
    ]
}