{
    "focal_length": 1955.226806640625,
    "camera": [
        5.300119876861572,
        -0.368447482585907,
        14.488070487976074
    ]
}