{
    "focal_length": 1955.226806640625,
    "camera": [
        5.282702922821045,
        -0.36454880237579346,
        14.440224647521973
    ]
}