{
    "focal_length": 1955.226806640625,
    "camera": [
        5.3036298751831055,
        -0.36565500497817993,
        14.498298645019531
    ]
}