{
    "focal_length": 1955.226806640625,
    "camera": [
        5.249925136566162,
        -0.3579334020614624,
        14.37030029296875
    ]
}