{
    "focal_length": 1955.226806640625,
    "camera": [
        5.309614181518555,
        -0.3699296712875366,
        14.526359558105469
    ]
}