{
    "focal_length": 1955.226806640625,
    "camera": [
        5.3021111488342285,
        -0.36751747131347656,
        14.501446723937988
    ]
}