{
    "focal_length": 1955.226806640625,
    "camera": [
        5.324354648590088,
        -0.4051966071128845,
        14.672896385192871
    ]
}