{
    "focal_length": 1955.226806640625,
    "camera": [
        5.306601047515869,
        -0.36902064085006714,
        14.519826889038086
    ]
}