{
    "focal_length": 1955.226806640625,
    "camera": [
        5.229246139526367,
        -0.35518503189086914,
        14.325935363769531
    ]
}