{
    "focal_length": 1955.226806640625,
    "camera": [
        5.297398090362549,
        -0.36503124237060547,
        14.485766410827637
    ]
}