{
    "focal_length": 1955.226806640625,
    "camera": [
        5.310812950134277,
        -0.3681017756462097,
        14.531292915344238
    ]
}