{
    "focal_length": 1955.226806640625,
    "camera": [
        5.309413909912109,
        -0.3681596517562866,
        14.526148796081543
    ]
}