{
    "focal_length": 1955.226806640625,
    "camera": [
        5.28898286819458,
        -0.36445796489715576,
        14.460334777832031
    ]
}