{
    "focal_length": 1955.226806640625,
    "camera": [
        5.262868881225586,
        -0.36263519525527954,
        14.412492752075195
    ]
}