{
    "focal_length": 1955.226806640625,
    "camera": [
        5.216538906097412,
        -0.36919981241226196,
        14.382672309875488
    ]
}