{
    "focal_length": 1955.226806640625,
    "camera": [
        5.231703758239746,
        -0.35532838106155396,
        14.332274436950684
    ]
}