{
    "focal_length": 1955.226806640625,
    "camera": [
        5.224994659423828,
        -0.3534799814224243,
        14.301764488220215
    ]
}