{
    "focal_length": 1955.226806640625,
    "camera": [
        5.324286937713623,
        -0.3969159722328186,
        14.633975982666016
    ]
}