{
    "focal_length": 1955.226806640625,
    "camera": [
        5.307343006134033,
        -0.3669325113296509,
        14.513739585876465
    ]
}