{
    "focal_length": 1955.226806640625,
    "camera": [
        5.252130508422852,
        -0.35929006338119507,
        14.385977745056152
    ]
}