{
    "focal_length": 1955.226806640625,
    "camera": [
        5.22374153137207,
        -0.35404956340789795,
        14.298810005187988
    ]
}