{
    "focal_length": 1955.226806640625,
    "camera": [
        5.227609157562256,
        -0.3722776770591736,
        14.403969764709473
    ]
}