{
    "focal_length": 1955.226806640625,
    "camera": [
        5.2572784423828125,
        -0.3597142696380615,
        14.391214370727539
    ]
}