{
    "focal_length": 1955.226806640625,
    "camera": [
        5.233882427215576,
        -0.3550344705581665,
        14.336254119873047
    ]
}