{
    "focal_length": 1955.226806640625,
    "camera": [
        5.313801288604736,
        -0.3694090247154236,
        14.540665626525879
    ]
}