{
    "focal_length": 1955.226806640625,
    "camera": [
        5.3041558265686035,
        -0.3697670102119446,
        14.505906105041504
    ]
}