{
    "focal_length": 1955.226806640625,
    "camera": [
        5.245919704437256,
        -0.3564777374267578,
        14.373942375183105
    ]
}