{
    "focal_length": 1955.226806640625,
    "camera": [
        5.232510089874268,
        -0.35562586784362793,
        14.333796501159668
    ]
}