{
    "focal_length": 1955.226806640625,
    "camera": [
        5.311594009399414,
        -0.3693886399269104,
        14.533422470092773
    ]
}