{
    "focal_length": 1955.226806640625,
    "camera": [
        5.239383220672607,
        -0.37530654668807983,
        14.440164566040039
    ]
}