{
    "focal_length": 1955.226806640625,
    "camera": [
        5.26580810546875,
        -0.3630295395851135,
        14.427616119384766
    ]
}