{
    "focal_length": 1955.226806640625,
    "camera": [
        5.241946220397949,
        -0.35676562786102295,
        14.342092514038086
    ]
}