{
    "focal_length": 1955.226806640625,
    "camera": [
        5.308128833770752,
        -0.3666122555732727,
        14.520646095275879
    ]
}