{
    "focal_length": 1955.226806640625,
    "camera": [
        5.2975664138793945,
        -0.3686946630477905,
        14.481176376342773
    ]
}