{
    "focal_length": 1955.226806640625,
    "camera": [
        5.243776321411133,
        -0.3570375442504883,
        14.36474609375
    ]
}