{
    "focal_length": 1955.226806640625,
    "camera": [
        5.276517391204834,
        -0.36324697732925415,
        14.433867454528809
    ]
}