{
    "focal_length": 1955.226806640625,
    "camera": [
        5.237190246582031,
        -0.3562033176422119,
        14.329194068908691
    ]
}