{
    "focal_length": 1955.226806640625,
    "camera": [
        5.317085266113281,
        -0.37136298418045044,
        14.541038513183594
    ]
}