{
    "focal_length": 1955.226806640625,
    "camera": [
        5.254426002502441,
        -0.3613922595977783,
        14.410334587097168
    ]
}