{
    "focal_length": 1955.226806640625,
    "camera": [
        5.299526691436768,
        -0.3685948848724365,
        14.486529350280762
    ]
}