{
    "focal_length": 1955.226806640625,
    "camera": [
        5.276362895965576,
        -0.36209607124328613,
        14.424555778503418
    ]
}