{
    "focal_length": 1955.226806640625,
    "camera": [
        5.2173614501953125,
        -0.3715290427207947,
        14.390321731567383
    ]
}