{
    "focal_length": 1955.226806640625,
    "camera": [
        5.237910270690918,
        -0.358062744140625,
        14.357943534851074
    ]
}