{
    "focal_length": 1955.226806640625,
    "camera": [
        5.290218830108643,
        -0.3658677935600281,
        14.478774070739746
    ]
}