{
    "focal_length": 1955.226806640625,
    "camera": [
        5.310457706451416,
        -0.3674634099006653,
        14.530701637268066
    ]
}