{
    "focal_length": 1955.226806640625,
    "camera": [
        5.295960426330566,
        -0.3653399348258972,
        14.481590270996094
    ]
}