{
    "focal_length": 1955.226806640625,
    "camera": [
        5.283695697784424,
        -0.3692631125450134,
        14.48331356048584
    ]
}