{
    "focal_length": 1955.226806640625,
    "camera": [
        5.304624557495117,
        -0.3670240044593811,
        14.512983322143555
    ]
}