{
    "focal_length": 1955.226806640625,
    "camera": [
        5.243018627166748,
        -0.35904717445373535,
        14.363564491271973
    ]
}