{
    "focal_length": 1955.226806640625,
    "camera": [
        5.298623561859131,
        -0.37045949697494507,
        14.495915412902832
    ]
}