{
    "focal_length": 1955.226806640625,
    "camera": [
        5.31288480758667,
        -0.3696897029876709,
        14.53498363494873
    ]
}