{
    "focal_length": 1955.226806640625,
    "camera": [
        5.30039644241333,
        -0.36577481031417847,
        14.497032165527344
    ]
}