{
    "focal_length": 1955.226806640625,
    "camera": [
        5.310100555419922,
        -0.36933624744415283,
        14.528643608093262
    ]
}