{
    "focal_length": 1955.226806640625,
    "camera": [
        5.245179653167725,
        -0.3588966131210327,
        14.369093894958496
    ]
}