{
    "focal_length": 1955.226806640625,
    "camera": [
        5.281252861022949,
        -0.39003074169158936,
        14.574777603149414
    ]
}