{
    "focal_length": 1955.226806640625,
    "camera": [
        5.268446922302246,
        -0.38702303171157837,
        14.52467155456543
    ]
}