{
    "focal_length": 1955.226806640625,
    "camera": [
        5.293087482452393,
        -0.3808451294898987,
        14.547710418701172
    ]
}