{
    "focal_length": 1955.226806640625,
    "camera": [
        5.284355163574219,
        -0.3628942370414734,
        14.44681453704834
    ]
}