{
    "focal_length": 1955.226806640625,
    "camera": [
        5.287060260772705,
        -0.3637222647666931,
        14.45409107208252
    ]
}