{
    "focal_length": 1955.226806640625,
    "camera": [
        5.305330753326416,
        -0.3672720193862915,
        14.51551342010498
    ]
}