{
    "focal_length": 1955.226806640625,
    "camera": [
        5.31523323059082,
        -0.37014710903167725,
        14.544600486755371
    ]
}