{
    "focal_length": 1955.226806640625,
    "camera": [
        5.269168376922607,
        -0.36311542987823486,
        14.431554794311523
    ]
}