{
    "focal_length": 1955.226806640625,
    "camera": [
        5.262786388397217,
        -0.3679112195968628,
        14.43904972076416
    ]
}