{
    "focal_length": 1955.226806640625,
    "camera": [
        5.212970733642578,
        -0.36755621433258057,
        14.364222526550293
    ]
}