{
    "focal_length": 1955.226806640625,
    "camera": [
        5.299403190612793,
        -0.36414390802383423,
        14.48513412475586
    ]
}