{
    "focal_length": 1955.226806640625,
    "camera": [
        5.230217933654785,
        -0.3555428385734558,
        14.309548377990723
    ]
}