{
    "focal_length": 1955.226806640625,
    "camera": [
        5.311334133148193,
        -0.3712310194969177,
        14.519594192504883
    ]
}