{
    "focal_length": 1955.226806640625,
    "camera": [
        5.229310989379883,
        -0.35450756549835205,
        14.306595802307129
    ]
}