{
    "focal_length": 1955.226806640625,
    "camera": [
        5.271999359130859,
        -0.3607393503189087,
        14.430306434631348
    ]
}