{
    "focal_length": 1955.226806640625,
    "camera": [
        5.280296325683594,
        -0.362498939037323,
        14.439861297607422
    ]
}