{
    "focal_length": 443.57354736328125,
    "camera": [
        1.0228482484817505,
        1.2643564939498901,
        4.9917073249816895
    ]
}