{
    "focal_length": 443.57354736328125,
    "camera": [
        -1.0136406421661377,
        0.8380023837089539,
        4.772724151611328
    ]
}