{
    "focal_length": 443.57354736328125,
    "camera": [
        0.870856523513794,
        1.336861491203308,
        5.132775783538818
    ]
}