{
    "focal_length": 443.57354736328125,
    "camera": [
        -0.7877958416938782,
        0.9215764999389648,
        4.7646164894104
    ]
}