{
    "focal_length": 443.57354736328125,
    "camera": [
        -0.5594724416732788,
        1.0524547100067139,
        4.808289051055908
    ]
}