{
    "focal_length": 443.57354736328125,
    "camera": [
        0.8640063405036926,
        1.2443557977676392,
        4.913354396820068
    ]
}