{
    "focal_length": 443.57354736328125,
    "camera": [
        -0.1360991895198822,
        1.6245192289352417,
        4.952630519866943
    ]
}