{
    "focal_length": 443.57354736328125,
    "camera": [
        0.8813390731811523,
        1.211804747581482,
        4.917619228363037
    ]
}