{
    "focal_length": 443.57354736328125,
    "camera": [
        0.8188467025756836,
        1.455566167831421,
        4.923534870147705
    ]
}