{
    "focal_length": 443.57354736328125,
    "camera": [
        -0.9095845818519592,
        0.8549070954322815,
        4.7521867752075195
    ]
}