{
    "focal_length": 443.57354736328125,
    "camera": [
        1.128516435623169,
        1.5870592594146729,
        5.0025739669799805
    ]
}