{
    "focal_length": 443.57354736328125,
    "camera": [
        1.0322749614715576,
        1.3892806768417358,
        4.829998016357422
    ]
}