{
    "focal_length": 443.57354736328125,
    "camera": [
        0.9468815326690674,
        1.29378342628479,
        4.978752613067627
    ]
}