{
    "focal_length": 443.57354736328125,
    "camera": [
        1.1344518661499023,
        1.5989261865615845,
        5.041587829589844
    ]
}