{
    "focal_length": 443.57354736328125,
    "camera": [
        0.937714695930481,
        1.2901992797851562,
        4.977222442626953
    ]
}