{
    "focal_length": 443.57354736328125,
    "camera": [
        0.8870830535888672,
        1.2164326906204224,
        4.889842987060547
    ]
}