{
    "focal_length": 443.57354736328125,
    "camera": [
        -0.4505332112312317,
        1.0500160455703735,
        4.764877796173096
    ]
}