{
    "focal_length": 443.57354736328125,
    "camera": [
        0.9050041437149048,
        1.2285592555999756,
        4.990597724914551
    ]
}