{
    "focal_length": 443.57354736328125,
    "camera": [
        0.14898735284805298,
        1.015295386314392,
        5.2602858543396
    ]
}