{
    "focal_length": 443.57354736328125,
    "camera": [
        1.1360288858413696,
        1.5288646221160889,
        4.953589916229248
    ]
}