{
    "focal_length": 443.57354736328125,
    "camera": [
        -1.1231845617294312,
        0.8796484470367432,
        4.950076580047607
    ]
}