{
    "focal_length": 443.57354736328125,
    "camera": [
        0.8384437561035156,
        1.2068407535552979,
        4.766151428222656
    ]
}