{
    "focal_length": 443.57354736328125,
    "camera": [
        1.0240044593811035,
        1.3975577354431152,
        4.786318778991699
    ]
}