{
    "focal_length": 443.57354736328125,
    "camera": [
        -1.1238064765930176,
        0.8949827551841736,
        4.951968193054199
    ]
}