{
    "focal_length": 443.57354736328125,
    "camera": [
        0.9380549192428589,
        1.2781847715377808,
        5.037417888641357
    ]
}