{
    "focal_length": 443.57354736328125,
    "camera": [
        -0.5741652250289917,
        1.0561456680297852,
        4.762948036193848
    ]
}