{
    "focal_length": 443.57354736328125,
    "camera": [
        0.8395772576332092,
        1.5341984033584595,
        4.964968681335449
    ]
}