{
    "focal_length": 443.57354736328125,
    "camera": [
        -0.4932093918323517,
        1.0505505800247192,
        4.7680134773254395
    ]
}