{
    "focal_length": 443.57354736328125,
    "camera": [
        -0.9652148485183716,
        1.4429287910461426,
        4.6988067626953125
    ]
}