{
    "focal_length": 443.57354736328125,
    "camera": [
        -0.9082067608833313,
        1.4675467014312744,
        4.649258136749268
    ]
}