{
    "focal_length": 443.57354736328125,
    "camera": [
        0.9501886963844299,
        1.2953548431396484,
        4.951639175415039
    ]
}