{
    "focal_length": 443.57354736328125,
    "camera": [
        0.8751664161682129,
        1.205941081047058,
        4.907447338104248
    ]
}