{
    "focal_length": 443.57354736328125,
    "camera": [
        0.9932274222373962,
        1.6502528190612793,
        4.935059547424316
    ]
}