{
    "focal_length": 443.57354736328125,
    "camera": [
        -1.129792332649231,
        0.9959511160850525,
        4.950257301330566
    ]
}