{
    "focal_length": 443.57354736328125,
    "camera": [
        1.0642075538635254,
        1.4437305927276611,
        4.871016502380371
    ]
}