{
    "focal_length": 443.57354736328125,
    "camera": [
        1.134427547454834,
        1.5793713331222534,
        5.005441188812256
    ]
}