{
    "focal_length": 443.57354736328125,
    "camera": [
        -1.1314553022384644,
        0.9389157891273499,
        4.963212966918945
    ]
}