{
    "focal_length": 443.57354736328125,
    "camera": [
        -0.5910435914993286,
        1.055109977722168,
        4.76465368270874
    ]
}