{
    "focal_length": 443.57354736328125,
    "camera": [
        -1.0882118940353394,
        0.8184974193572998,
        4.873800754547119
    ]
}