{
    "focal_length": 443.57354736328125,
    "camera": [
        -1.115783452987671,
        0.8599157929420471,
        4.940617561340332
    ]
}