{
    "focal_length": 443.57354736328125,
    "camera": [
        0.8840533494949341,
        1.268490195274353,
        5.068122386932373
    ]
}