{
    "focal_length": 443.57354736328125,
    "camera": [
        -0.1795237511396408,
        0.9848312139511108,
        4.796670913696289
    ]
}