{
    "focal_length": 443.57354736328125,
    "camera": [
        1.059127688407898,
        1.4454405307769775,
        4.826237678527832
    ]
}