{
    "focal_length": 443.57354736328125,
    "camera": [
        -1.103972315788269,
        0.8086149096488953,
        4.9387640953063965
    ]
}