{
    "focal_length": 443.57354736328125,
    "camera": [
        -1.0851938724517822,
        1.3078701496124268,
        4.749673843383789
    ]
}