{
    "focal_length": 443.57354736328125,
    "camera": [
        -0.31003227829933167,
        1.0270251035690308,
        4.779022216796875
    ]
}