{
    "focal_length": 443.57354736328125,
    "camera": [
        1.0495153665542603,
        1.6215929985046387,
        4.919604301452637
    ]
}