{
    "focal_length": 443.57354736328125,
    "camera": [
        -0.4171501100063324,
        1.606879711151123,
        4.952933311462402
    ]
}