{
    "focal_length": 443.57354736328125,
    "camera": [
        0.9304012656211853,
        1.2887471914291382,
        5.25966215133667
    ]
}