{
    "focal_length": 443.57354736328125,
    "camera": [
        -0.35677093267440796,
        1.6092228889465332,
        5.039986610412598
    ]
}