{
    "focal_length": 443.57354736328125,
    "camera": [
        0.8614004254341125,
        1.5555765628814697,
        4.949104309082031
    ]
}