{
    "focal_length": 443.57354736328125,
    "camera": [
        0.1284559965133667,
        1.0057085752487183,
        5.146443843841553
    ]
}