{
    "focal_length": 443.57354736328125,
    "camera": [
        0.8987987041473389,
        1.287111520767212,
        5.142008304595947
    ]
}