{
    "focal_length": 443.57354736328125,
    "camera": [
        -1.113946557044983,
        0.8373199701309204,
        4.955647945404053
    ]
}