{
    "focal_length": 443.57354736328125,
    "camera": [
        1.073447346687317,
        1.6102293729782104,
        4.931392669677734
    ]
}