{
    "focal_length": 443.57354736328125,
    "camera": [
        1.0379852056503296,
        1.210261344909668,
        4.974679470062256
    ]
}