{
    "focal_length": 443.57354736328125,
    "camera": [
        0.987285315990448,
        1.2882728576660156,
        4.95762825012207
    ]
}