{
    "focal_length": 443.57354736328125,
    "camera": [
        -0.3901130259037018,
        1.6106036901474,
        5.014892101287842
    ]
}