{
    "focal_length": 443.57354736328125,
    "camera": [
        0.01513228565454483,
        0.9839502573013306,
        5.030032157897949
    ]
}