{
    "focal_length": 443.57354736328125,
    "camera": [
        0.8975703120231628,
        1.3049736022949219,
        5.176344394683838
    ]
}