{
    "focal_length": 443.57354736328125,
    "camera": [
        1.0480096340179443,
        1.1885372400283813,
        4.987004280090332
    ]
}