{
    "focal_length": 443.57354736328125,
    "camera": [
        1.0047926902770996,
        1.2813851833343506,
        4.97988224029541
    ]
}