{
    "focal_length": 443.57354736328125,
    "camera": [
        1.0872944593429565,
        1.146126389503479,
        5.096611022949219
    ]
}