{
    "focal_length": 443.57354736328125,
    "camera": [
        0.10990839451551437,
        1.001338005065918,
        5.104247093200684
    ]
}