{
    "focal_length": 443.57354736328125,
    "camera": [
        -0.2722381353378296,
        1.0105955600738525,
        4.815774917602539
    ]
}