{
    "focal_length": 443.57354736328125,
    "camera": [
        0.9369860887527466,
        1.2893030643463135,
        4.992987632751465
    ]
}