{
    "focal_length": 443.57354736328125,
    "camera": [
        -0.8933213353157043,
        0.8601119518280029,
        4.751916885375977
    ]
}