{
    "focal_length": 443.57354736328125,
    "camera": [
        -0.7583145499229431,
        0.961252748966217,
        4.786806583404541
    ]
}