{
    "focal_length": 443.57354736328125,
    "camera": [
        0.08709937334060669,
        0.9945892691612244,
        5.165930271148682
    ]
}