{
    "focal_length": 443.57354736328125,
    "camera": [
        -1.0852587223052979,
        0.8209285736083984,
        4.858973026275635
    ]
}