{
    "focal_length": 443.57354736328125,
    "camera": [
        0.9252994060516357,
        1.6188156604766846,
        4.887564182281494
    ]
}