{
    "focal_length": 443.57354736328125,
    "camera": [
        0.9529988765716553,
        1.2966378927230835,
        4.953618049621582
    ]
}