{
    "focal_length": 443.57354736328125,
    "camera": [
        -1.0821822881698608,
        1.342724323272705,
        4.801539421081543
    ]
}