{
    "focal_length": 443.57354736328125,
    "camera": [
        0.8335078358650208,
        1.396619439125061,
        5.013297080993652
    ]
}