{
    "focal_length": 443.57354736328125,
    "camera": [
        0.843356728553772,
        1.5377202033996582,
        4.956312656402588
    ]
}