{
    "focal_length": 443.57354736328125,
    "camera": [
        -0.81131911277771,
        1.5185409784317017,
        4.727640151977539
    ]
}