{
    "focal_length": 443.57354736328125,
    "camera": [
        1.1316007375717163,
        1.568957805633545,
        4.985775947570801
    ]
}