{
    "focal_length": 443.57354736328125,
    "camera": [
        0.8780117630958557,
        1.2628995180130005,
        5.032149314880371
    ]
}