{
    "focal_length": 443.57354736328125,
    "camera": [
        1.134460687637329,
        1.534292459487915,
        4.953937530517578
    ]
}