{
    "focal_length": 443.57354736328125,
    "camera": [
        0.824673593044281,
        1.4728317260742188,
        4.929318428039551
    ]
}