{
    "focal_length": 443.57354736328125,
    "camera": [
        -0.6759863495826721,
        1.042929768562317,
        4.775859355926514
    ]
}