{
    "focal_length": 443.57354736328125,
    "camera": [
        -1.04595148563385,
        0.8354107141494751,
        4.810175895690918
    ]
}