{
    "focal_length": 443.57354736328125,
    "camera": [
        0.9484889507293701,
        1.2947933673858643,
        5.307990074157715
    ]
}