{
    "focal_length": 443.57354736328125,
    "camera": [
        -0.6454139351844788,
        1.5811760425567627,
        4.930245399475098
    ]
}