{
    "focal_length": 443.57354736328125,
    "camera": [
        0.868247926235199,
        1.2039897441864014,
        4.906785488128662
    ]
}