{
    "focal_length": 443.57354736328125,
    "camera": [
        -1.1225078105926514,
        0.8468106389045715,
        4.983771800994873
    ]
}