{
    "focal_length": 443.57354736328125,
    "camera": [
        -0.11234743893146515,
        0.9772487282752991,
        4.843879222869873
    ]
}