{
    "focal_length": 443.57354736328125,
    "camera": [
        0.9917714595794678,
        1.3146367073059082,
        4.662595748901367
    ]
}