{
    "focal_length": 443.57354736328125,
    "camera": [
        1.0355185270309448,
        1.4114251136779785,
        4.8392229080200195
    ]
}