{
    "focal_length": 443.57354736328125,
    "camera": [
        1.1068975925445557,
        1.4973634481430054,
        4.894136428833008
    ]
}