{
    "focal_length": 443.57354736328125,
    "camera": [
        -1.125307321548462,
        1.014923095703125,
        4.924724578857422
    ]
}