{
    "focal_length": 443.57354736328125,
    "camera": [
        0.5923159718513489,
        1.0468025207519531,
        5.4655303955078125
    ]
}