{
    "focal_length": 443.57354736328125,
    "camera": [
        -0.051928550004959106,
        0.9722447395324707,
        4.909893035888672
    ]
}