{
    "focal_length": 443.57354736328125,
    "camera": [
        0.909090518951416,
        1.280414342880249,
        5.1678056716918945
    ]
}