{
    "focal_length": 443.57354736328125,
    "camera": [
        1.1312175989151,
        1.5206587314605713,
        4.9282755851745605
    ]
}