{
    "focal_length": 443.57354736328125,
    "camera": [
        0.08781792968511581,
        1.6736440658569336,
        5.0863356590271
    ]
}