{
    "focal_length": 443.57354736328125,
    "camera": [
        -0.9545001983642578,
        0.8440764546394348,
        4.757204055786133
    ]
}