{
    "focal_length": 443.57354736328125,
    "camera": [
        -0.39130738377571106,
        1.0434260368347168,
        4.795503616333008
    ]
}