{
    "focal_length": 443.57354736328125,
    "camera": [
        1.0392327308654785,
        1.4259861707687378,
        4.816683292388916
    ]
}