{
    "focal_length": 443.57354736328125,
    "camera": [
        0.9612212181091309,
        1.2975633144378662,
        5.361596584320068
    ]
}