{
    "focal_length": 443.57354736328125,
    "camera": [
        0.9310182332992554,
        1.2884407043457031,
        4.9352898597717285
    ]
}