{
    "focal_length": 443.57354736328125,
    "camera": [
        -1.0564477443695068,
        0.8379566669464111,
        4.814468860626221
    ]
}