{
    "focal_length": 443.57354736328125,
    "camera": [
        -1.030216932296753,
        1.387093186378479,
        4.712811470031738
    ]
}