{
    "focal_length": 443.57354736328125,
    "camera": [
        1.1069451570510864,
        1.042426347732544,
        5.203815937042236
    ]
}