{
    "focal_length": 443.57354736328125,
    "camera": [
        -1.1355916261672974,
        1.0559711456298828,
        4.96450138092041
    ]
}