{
    "focal_length": 443.57354736328125,
    "camera": [
        1.0465145111083984,
        1.6323426961898804,
        4.951804161071777
    ]
}