{
    "focal_length": 443.57354736328125,
    "camera": [
        0.8754730224609375,
        1.2087078094482422,
        4.895339012145996
    ]
}