{
    "focal_length": 443.57354736328125,
    "camera": [
        1.1308540105819702,
        1.070895791053772,
        5.187131881713867
    ]
}