{
    "focal_length": 443.57354736328125,
    "camera": [
        -1.058616042137146,
        0.8355692028999329,
        4.789912223815918
    ]
}