{
    "focal_length": 443.57354736328125,
    "camera": [
        -1.0133157968521118,
        1.390315294265747,
        4.673023700714111
    ]
}