{
    "focal_length": 443.57354736328125,
    "camera": [
        0.9422691464424133,
        1.2859443426132202,
        5.042563438415527
    ]
}