{
    "focal_length": 443.57354736328125,
    "camera": [
        1.047353744506836,
        1.6114482879638672,
        4.880649566650391
    ]
}