{
    "focal_length": 443.57354736328125,
    "camera": [
        1.0200952291488647,
        1.268437385559082,
        4.997694969177246
    ]
}