{
    "focal_length": 443.57354736328125,
    "camera": [
        1.1346155405044556,
        1.061165452003479,
        5.2023234367370605
    ]
}