{
    "focal_length": 443.57354736328125,
    "camera": [
        -1.001605749130249,
        1.4136123657226562,
        4.7213544845581055
    ]
}