{
    "focal_length": 443.57354736328125,
    "camera": [
        0.8227476477622986,
        1.4337509870529175,
        4.961122989654541
    ]
}