{
    "focal_length": 443.57354736328125,
    "camera": [
        0.8233001232147217,
        1.4195492267608643,
        4.9663496017456055
    ]
}