{
    "focal_length": 443.57354736328125,
    "camera": [
        1.052185297012329,
        1.0503404140472412,
        5.299405574798584
    ]
}