{
    "focal_length": 443.57354736328125,
    "camera": [
        1.0131595134735107,
        1.2727293968200684,
        4.978877544403076
    ]
}