{
    "focal_length": 443.57354736328125,
    "camera": [
        -0.7267452478408813,
        0.9941309690475464,
        4.754210472106934
    ]
}