{
    "focal_length": 443.57354736328125,
    "camera": [
        0.8902817964553833,
        1.3120838403701782,
        5.166458606719971
    ]
}