{
    "focal_length": 443.57354736328125,
    "camera": [
        -1.106783151626587,
        0.8287264704704285,
        4.934091567993164
    ]
}