{
    "focal_length": 443.57354736328125,
    "camera": [
        -1.0980887413024902,
        0.8058366775512695,
        4.923967361450195
    ]
}