{
    "focal_length": 443.57354736328125,
    "camera": [
        0.8309557437896729,
        1.5039782524108887,
        4.938299179077148
    ]
}