{
    "focal_length": 443.57354736328125,
    "camera": [
        0.9623503684997559,
        1.2997584342956543,
        5.3781208992004395
    ]
}