{
    "focal_length": 443.57354736328125,
    "camera": [
        1.1130850315093994,
        1.6034173965454102,
        4.9949750900268555
    ]
}