{
    "focal_length": 443.57354736328125,
    "camera": [
        0.9651864767074585,
        1.650989055633545,
        4.98454475402832
    ]
}