{
    "focal_length": 443.57354736328125,
    "camera": [
        -1.0614546537399292,
        1.3695799112319946,
        4.76982307434082
    ]
}