{
    "focal_length": 443.57354736328125,
    "camera": [
        0.9175883531570435,
        1.2421704530715942,
        4.995298385620117
    ]
}