{
    "focal_length": 443.57354736328125,
    "camera": [
        0.25642257928848267,
        1.032390832901001,
        5.330367565155029
    ]
}