{
    "focal_length": 443.57354736328125,
    "camera": [
        -0.29422563314437866,
        1.0181083679199219,
        4.84771728515625
    ]
}