{
    "focal_length": 443.57354736328125,
    "camera": [
        -0.9731343388557434,
        0.840544581413269,
        4.779658794403076
    ]
}