{
    "focal_length": 443.57354736328125,
    "camera": [
        -1.1240270137786865,
        1.2338467836380005,
        4.890018463134766
    ]
}