{
    "focal_length": 443.57354736328125,
    "camera": [
        0.8479623794555664,
        1.1942667961120605,
        4.813290596008301
    ]
}