{
    "focal_length": 443.57354736328125,
    "camera": [
        0.9385318756103516,
        1.2810570001602173,
        5.2336649894714355
    ]
}