{
    "focal_length": 443.57354736328125,
    "camera": [
        -1.1249196529388428,
        0.9805152416229248,
        4.935358047485352
    ]
}