{
    "focal_length": 443.57354736328125,
    "camera": [
        0.8524357676506042,
        1.550154209136963,
        4.944580554962158
    ]
}