{
    "focal_length": 443.57354736328125,
    "camera": [
        -0.9762721657752991,
        1.4331529140472412,
        4.709906101226807
    ]
}