{
    "focal_length": 443.57354736328125,
    "camera": [
        1.1055514812469482,
        1.6067328453063965,
        4.987871170043945
    ]
}