{
    "focal_length": 443.57354736328125,
    "camera": [
        1.0065720081329346,
        1.3501157760620117,
        4.712379455566406
    ]
}