{
    "focal_length": 443.57354736328125,
    "camera": [
        -1.1305862665176392,
        1.0365850925445557,
        4.939063549041748
    ]
}