{
    "focal_length": 443.57354736328125,
    "camera": [
        0.9967276453971863,
        1.6582074165344238,
        4.99074649810791
    ]
}