{
    "focal_length": 443.57354736328125,
    "camera": [
        0.8948767185211182,
        1.293752908706665,
        5.13496208190918
    ]
}