{
    "focal_length": 443.57354736328125,
    "camera": [
        1.0970396995544434,
        1.1221121549606323,
        5.096526145935059
    ]
}