{
    "focal_length": 443.57354736328125,
    "camera": [
        0.939887523651123,
        1.2819790840148926,
        5.240083694458008
    ]
}