{
    "focal_length": 443.57354736328125,
    "camera": [
        -0.8369948267936707,
        0.8790801167488098,
        4.6915507316589355
    ]
}