{
    "focal_length": 443.57354736328125,
    "camera": [
        0.5040947794914246,
        1.045017957687378,
        5.475733280181885
    ]
}