{
    "focal_length": 443.57354736328125,
    "camera": [
        0.5481612682342529,
        1.0487470626831055,
        5.483616352081299
    ]
}