{
    "focal_length": 443.57354736328125,
    "camera": [
        1.035273790359497,
        1.4144655466079712,
        4.81644344329834
    ]
}