{
    "focal_length": 443.57354736328125,
    "camera": [
        0.9479811191558838,
        1.2919121980667114,
        4.9701666831970215
    ]
}