{
    "focal_length": 443.57354736328125,
    "camera": [
        -0.9858298897743225,
        1.423181414604187,
        4.686666011810303
    ]
}