{
    "focal_length": 443.57354736328125,
    "camera": [
        -0.8611903190612793,
        0.8672296404838562,
        4.732857704162598
    ]
}