{
    "focal_length": 443.57354736328125,
    "camera": [
        -1.1224192380905151,
        0.9058921933174133,
        4.9339599609375
    ]
}