{
    "focal_length": 443.57354736328125,
    "camera": [
        0.46129369735717773,
        1.0526208877563477,
        5.497960090637207
    ]
}