{
    "focal_length": 443.57354736328125,
    "camera": [
        1.0265815258026123,
        1.2412117719650269,
        4.966488361358643
    ]
}