{
    "focal_length": 443.57354736328125,
    "camera": [
        1.0301764011383057,
        1.2205641269683838,
        4.95129919052124
    ]
}