{
    "focal_length": 443.57354736328125,
    "camera": [
        0.8870612382888794,
        1.214796781539917,
        4.925152778625488
    ]
}