{
    "focal_length": 443.57354736328125,
    "camera": [
        0.031343989074230194,
        0.984205424785614,
        5.119308948516846
    ]
}