{
    "focal_length": 443.57354736328125,
    "camera": [
        -0.7382476329803467,
        1.5395346879959106,
        4.804553031921387
    ]
}