{
    "focal_length": 443.57354736328125,
    "camera": [
        -0.37269774079322815,
        1.0381500720977783,
        4.807880401611328
    ]
}