{
    "focal_length": 443.57354736328125,
    "camera": [
        0.9302129149436951,
        1.2690987586975098,
        5.001542568206787
    ]
}