{
    "focal_length": 443.57354736328125,
    "camera": [
        -1.0025739669799805,
        1.4021379947662354,
        4.681888103485107
    ]
}