{
    "focal_length": 443.57354736328125,
    "camera": [
        0.028598971664905548,
        1.659757137298584,
        5.053035736083984
    ]
}