{
    "focal_length": 443.57354736328125,
    "camera": [
        0.8518749475479126,
        1.2252254486083984,
        4.847837924957275
    ]
}