{
    "focal_length": 443.57354736328125,
    "camera": [
        -0.2355250120162964,
        0.9966544508934021,
        4.810421943664551
    ]
}