{
    "focal_length": 443.57354736328125,
    "camera": [
        0.9159445762634277,
        1.239546537399292,
        5.000670909881592
    ]
}