{
    "focal_length": 443.57354736328125,
    "camera": [
        -0.6490417122840881,
        1.0494639873504639,
        4.773584842681885
    ]
}