{
    "focal_length": 443.57354736328125,
    "camera": [
        0.9390566349029541,
        1.2915639877319336,
        5.270903587341309
    ]
}