{
    "focal_length": 443.57354736328125,
    "camera": [
        -0.6899265050888062,
        1.032462239265442,
        4.754693984985352
    ]
}