{
    "focal_length": 443.57354736328125,
    "camera": [
        1.0911890268325806,
        1.0441009998321533,
        5.230162143707275
    ]
}