{
    "focal_length": 443.57354736328125,
    "camera": [
        0.9287792444229126,
        1.2908154726028442,
        5.268267631530762
    ]
}