{
    "focal_length": 443.57354736328125,
    "camera": [
        -0.32776525616645813,
        1.6168826818466187,
        5.0615692138671875
    ]
}