{
    "focal_length": 443.57354736328125,
    "camera": [
        1.0641334056854248,
        1.0498857498168945,
        5.265813827514648
    ]
}