{
    "focal_length": 443.57354736328125,
    "camera": [
        0.9690782427787781,
        1.2921260595321655,
        4.9370012283325195
    ]
}