{
    "focal_length": 443.57354736328125,
    "camera": [
        1.0139230489730835,
        1.0557258129119873,
        5.362534523010254
    ]
}