{
    "focal_length": 443.57354736328125,
    "camera": [
        0.825617790222168,
        1.4468227624893188,
        4.970364570617676
    ]
}