{
    "focal_length": 443.57354736328125,
    "camera": [
        -0.19792577624320984,
        0.9860827922821045,
        4.803869247436523
    ]
}