{
    "focal_length": 443.57354736328125,
    "camera": [
        0.9371857643127441,
        1.2786328792572021,
        5.2447733879089355
    ]
}