{
    "focal_length": 443.57354736328125,
    "camera": [
        0.04942051321268082,
        0.9893574714660645,
        5.114853858947754
    ]
}