{
    "focal_length": 443.57354736328125,
    "camera": [
        -1.1223464012145996,
        0.9599921703338623,
        4.9202046394348145
    ]
}