{
    "focal_length": 443.57354736328125,
    "camera": [
        0.34274277091026306,
        1.046742558479309,
        5.425102233886719
    ]
}