{
    "focal_length": 443.57354736328125,
    "camera": [
        0.9271847605705261,
        1.2768661975860596,
        5.195009231567383
    ]
}