{
    "focal_length": 443.57354736328125,
    "camera": [
        -0.8777691125869751,
        1.488588571548462,
        4.6740922927856445
    ]
}