{
    "focal_length": 443.57354736328125,
    "camera": [
        0.8296502828598022,
        1.516055703163147,
        4.9308085441589355
    ]
}