{
    "focal_length": 443.57354736328125,
    "camera": [
        0.9093322157859802,
        1.2766649723052979,
        5.158538818359375
    ]
}