{
    "focal_length": 443.57354736328125,
    "camera": [
        0.4204833507537842,
        1.0492680072784424,
        5.475793838500977
    ]
}