{
    "focal_length": 443.57354736328125,
    "camera": [
        0.0588495209813118,
        1.6637048721313477,
        5.034036636352539
    ]
}