{
    "focal_length": 443.57354736328125,
    "camera": [
        -1.0279183387756348,
        0.8393279314041138,
        4.788196563720703
    ]
}