{
    "focal_length": 443.57354736328125,
    "camera": [
        1.1303528547286987,
        1.0799943208694458,
        5.199233055114746
    ]
}