{
    "focal_length": 443.57354736328125,
    "camera": [
        0.9410959482192993,
        1.2912111282348633,
        4.964406490325928
    ]
}