{
    "focal_length": 443.57354736328125,
    "camera": [
        0.872317373752594,
        1.2483205795288086,
        4.963712215423584
    ]
}