{
    "focal_length": 443.57354736328125,
    "camera": [
        0.9081476926803589,
        1.233403205871582,
        4.99556303024292
    ]
}