{
    "focal_length": 443.57354736328125,
    "camera": [
        0.9531923532485962,
        1.0564366579055786,
        5.39750337600708
    ]
}