{
    "focal_length": 443.57354736328125,
    "camera": [
        -0.6796465516090393,
        1.0368856191635132,
        4.738280296325684
    ]
}