{
    "focal_length": 443.57354736328125,
    "camera": [
        0.7227722406387329,
        1.0494379997253418,
        5.469970703125
    ]
}