{
    "focal_length": 443.57354736328125,
    "camera": [
        1.1303666830062866,
        1.605248212814331,
        5.040111064910889
    ]
}