{
    "focal_length": 443.57354736328125,
    "camera": [
        0.20905467867851257,
        1.0287232398986816,
        5.26285457611084
    ]
}