{
    "focal_length": 443.57354736328125,
    "camera": [
        0.9390882253646851,
        1.282086730003357,
        5.25156307220459
    ]
}