{
    "focal_length": 443.57354736328125,
    "camera": [
        0.9350101351737976,
        1.2875324487686157,
        4.947944641113281
    ]
}