{
    "focal_length": 443.57354736328125,
    "camera": [
        0.956501841545105,
        1.2959134578704834,
        5.33366584777832
    ]
}