{
    "focal_length": 443.57354736328125,
    "camera": [
        -0.2134552299976349,
        1.6185072660446167,
        4.9708943367004395
    ]
}