{
    "focal_length": 443.57354736328125,
    "camera": [
        1.0111801624298096,
        1.361685872077942,
        4.728228569030762
    ]
}