{
    "focal_length": 443.57354736328125,
    "camera": [
        0.9511434435844421,
        1.6389646530151367,
        4.943177223205566
    ]
}