{
    "focal_length": 443.57354736328125,
    "camera": [
        0.8704010248184204,
        1.2510415315628052,
        4.966901779174805
    ]
}