{
    "focal_length": 443.57354736328125,
    "camera": [
        -0.6387963891029358,
        1.0504189729690552,
        4.7941203117370605
    ]
}