{
    "focal_length": 443.57354736328125,
    "camera": [
        -0.1281748116016388,
        0.9816421270370483,
        4.784225940704346
    ]
}