{
    "focal_length": 443.57354736328125,
    "camera": [
        0.9338295459747314,
        1.2763745784759521,
        5.22862434387207
    ]
}