{
    "focal_length": 443.57354736328125,
    "camera": [
        -0.8259777426719666,
        0.8875704407691956,
        4.703371047973633
    ]
}