{
    "focal_length": 443.57354736328125,
    "camera": [
        -0.9456934928894043,
        1.454145908355713,
        4.68214225769043
    ]
}