{
    "focal_length": 443.57354736328125,
    "camera": [
        0.996211051940918,
        1.303592562675476,
        4.670612812042236
    ]
}