{
    "focal_length": 443.57354736328125,
    "camera": [
        0.893669605255127,
        1.5834375619888306,
        4.978747844696045
    ]
}