{
    "focal_length": 443.57354736328125,
    "camera": [
        1.0429577827453613,
        1.0563969612121582,
        5.365721225738525
    ]
}