{
    "focal_length": 443.57354736328125,
    "camera": [
        0.767062246799469,
        1.0457912683486938,
        5.467203140258789
    ]
}