{
    "focal_length": 443.57354736328125,
    "camera": [
        -0.21941015124320984,
        0.9920823574066162,
        4.871303558349609
    ]
}