{
    "focal_length": 443.57354736328125,
    "camera": [
        -0.24929171800613403,
        1.6191402673721313,
        4.955196380615234
    ]
}