{
    "focal_length": 443.57354736328125,
    "camera": [
        0.9553002119064331,
        1.2925441265106201,
        5.334786891937256
    ]
}