{
    "focal_length": 443.57354736328125,
    "camera": [
        -1.1246263980865479,
        1.2556514739990234,
        4.896471977233887
    ]
}