{
    "focal_length": 443.57354736328125,
    "camera": [
        0.884856641292572,
        1.2169914245605469,
        4.89948034286499
    ]
}