{
    "focal_length": 443.57354736328125,
    "camera": [
        -0.08162163943052292,
        0.9747554063796997,
        4.862112998962402
    ]
}