{
    "focal_length": 443.57354736328125,
    "camera": [
        0.948026716709137,
        1.292790174484253,
        5.30715799331665
    ]
}