{
    "focal_length": 443.57354736328125,
    "camera": [
        0.9459299445152283,
        1.2907602787017822,
        5.295462131500244
    ]
}