{
    "focal_length": 443.57354736328125,
    "camera": [
        -1.1529704332351685,
        1.18559730052948,
        5.004449367523193
    ]
}