{
    "focal_length": 443.57354736328125,
    "camera": [
        0.8653534650802612,
        1.2006739377975464,
        4.896293640136719
    ]
}