{
    "focal_length": 443.57354736328125,
    "camera": [
        0.936975359916687,
        1.2914552688598633,
        5.276915073394775
    ]
}