{
    "focal_length": 443.57354736328125,
    "camera": [
        0.37585824728012085,
        1.0484282970428467,
        5.407467365264893
    ]
}