{
    "focal_length": 443.57354736328125,
    "camera": [
        -1.1091328859329224,
        0.8184913396835327,
        4.948891639709473
    ]
}