{
    "focal_length": 443.57354736328125,
    "camera": [
        0.9026929140090942,
        1.2834866046905518,
        5.148882865905762
    ]
}