{
    "focal_length": 443.57354736328125,
    "camera": [
        1.134480357170105,
        1.54988694190979,
        4.965184688568115
    ]
}