{
    "focal_length": 443.57354736328125,
    "camera": [
        0.8297834396362305,
        1.5096572637557983,
        4.926109790802002
    ]
}