{
    "focal_length": 443.57354736328125,
    "camera": [
        0.9418008923530579,
        1.2913089990615845,
        4.930549621582031
    ]
}