{
    "focal_length": 443.57354736328125,
    "camera": [
        0.8404126167297363,
        1.193215250968933,
        4.784019470214844
    ]
}