{
    "focal_length": 443.57354736328125,
    "camera": [
        1.113434076309204,
        1.5055136680603027,
        4.900669574737549
    ]
}