{
    "focal_length": 443.57354736328125,
    "camera": [
        1.0780528783798218,
        1.156116247177124,
        5.075932502746582
    ]
}