{
    "focal_length": 443.57354736328125,
    "camera": [
        0.8561117649078369,
        1.1983332633972168,
        4.8435444831848145
    ]
}