{
    "focal_length": 443.57354736328125,
    "camera": [
        1.1158006191253662,
        1.0895823240280151,
        5.144869804382324
    ]
}