{
    "focal_length": 443.57354736328125,
    "camera": [
        -0.9178084135055542,
        1.4585871696472168,
        4.625778675079346
    ]
}