{
    "focal_length": 443.57354736328125,
    "camera": [
        0.920120358467102,
        1.611509919166565,
        4.940631866455078
    ]
}