{
    "focal_length": 443.57354736328125,
    "camera": [
        0.979825496673584,
        1.2874877452850342,
        4.936842918395996
    ]
}