{
    "focal_length": 443.57354736328125,
    "camera": [
        0.18945538997650146,
        1.0261175632476807,
        5.348316192626953
    ]
}