{
    "focal_length": 443.57354736328125,
    "camera": [
        -1.1263364553451538,
        0.923696756362915,
        4.944533824920654
    ]
}