{
    "focal_length": 443.57354736328125,
    "camera": [
        -0.9387669563293457,
        0.8471556305885315,
        4.753724575042725
    ]
}