{
    "focal_length": 443.57354736328125,
    "camera": [
        0.996433675289154,
        1.2812029123306274,
        4.9687042236328125
    ]
}