{
    "focal_length": 443.57354736328125,
    "camera": [
        0.8703516721725464,
        1.3253542184829712,
        5.112972736358643
    ]
}