{
    "focal_length": 443.57354736328125,
    "camera": [
        -1.0633751153945923,
        1.353908658027649,
        4.746962070465088
    ]
}