{
    "focal_length": 443.57354736328125,
    "camera": [
        -0.03877488151192665,
        0.9749297499656677,
        4.956052780151367
    ]
}