{
    "focal_length": 443.57354736328125,
    "camera": [
        0.8658980131149292,
        1.256662130355835,
        4.962932586669922
    ]
}