{
    "focal_length": 443.57354736328125,
    "camera": [
        0.9336236119270325,
        1.2862215042114258,
        4.929251194000244
    ]
}