{
    "focal_length": 443.57354736328125,
    "camera": [
        1.1199859380722046,
        1.511210560798645,
        4.909529209136963
    ]
}