{
    "focal_length": 443.57354736328125,
    "camera": [
        1.0808905363082886,
        1.0474367141723633,
        5.255151271820068
    ]
}