{
    "focal_length": 443.57354736328125,
    "camera": [
        -0.7827914953231812,
        1.5344653129577637,
        4.784642696380615
    ]
}