{
    "focal_length": 443.57354736328125,
    "camera": [
        1.0193310976028442,
        1.2547210454940796,
        4.957333564758301
    ]
}