{
    "focal_length": 443.57354736328125,
    "camera": [
        0.9189739227294922,
        1.0537837743759155,
        5.415924072265625
    ]
}