{
    "focal_length": 443.57354736328125,
    "camera": [
        0.9238460063934326,
        1.277061939239502,
        5.202778339385986
    ]
}