{
    "focal_length": 443.57354736328125,
    "camera": [
        -1.1225764751434326,
        1.2751209735870361,
        4.895259857177734
    ]
}