{
    "focal_length": 443.57354736328125,
    "camera": [
        -0.4062335193157196,
        1.048300862312317,
        4.74530029296875
    ]
}