{
    "focal_length": 443.57354736328125,
    "camera": [
        -0.9840245842933655,
        0.8410013914108276,
        4.768698692321777
    ]
}