{
    "focal_length": 443.57354736328125,
    "camera": [
        0.9616352319717407,
        1.2991971969604492,
        4.971033573150635
    ]
}