{
    "focal_length": 443.57354736328125,
    "camera": [
        1.1049532890319824,
        1.0986803770065308,
        5.109433650970459
    ]
}