{
    "focal_length": 443.57354736328125,
    "camera": [
        0.9370323419570923,
        1.2902138233184814,
        4.975942134857178
    ]
}