{
    "focal_length": 443.57354736328125,
    "camera": [
        -1.0021311044692993,
        0.8352051377296448,
        4.781514644622803
    ]
}