{
    "focal_length": 443.57354736328125,
    "camera": [
        -0.8573077321052551,
        1.4930148124694824,
        4.701324462890625
    ]
}