{
    "focal_length": 443.57354736328125,
    "camera": [
        0.9152008295059204,
        1.2600620985031128,
        4.9571757316589355
    ]
}