{
    "focal_length": 443.57354736328125,
    "camera": [
        1.0071488618850708,
        1.2761892080307007,
        4.968502521514893
    ]
}