{
    "focal_length": 443.57354736328125,
    "camera": [
        -0.28125953674316406,
        1.6105153560638428,
        4.970728397369385
    ]
}