{
    "focal_length": 443.57354736328125,
    "camera": [
        0.9369333982467651,
        1.290379285812378,
        4.987847805023193
    ]
}