{
    "focal_length": 443.57354736328125,
    "camera": [
        0.9846578240394592,
        1.057132363319397,
        5.37978458404541
    ]
}