{
    "focal_length": 443.57354736328125,
    "camera": [
        -0.0009138286113739014,
        1.6420669555664062,
        4.9538679122924805
    ]
}