{
    "focal_length": 443.57354736328125,
    "camera": [
        -1.120615005493164,
        0.8662269711494446,
        4.941256523132324
    ]
}