{
    "focal_length": 443.57354736328125,
    "camera": [
        0.9787120819091797,
        1.2940177917480469,
        4.96379280090332
    ]
}