{
    "focal_length": 443.57354736328125,
    "camera": [
        0.9676119685173035,
        1.2988229990005493,
        4.974034309387207
    ]
}