{
    "focal_length": 443.57354736328125,
    "camera": [
        -1.097678780555725,
        1.3287243843078613,
        4.839352607727051
    ]
}