{
    "focal_length": 443.57354736328125,
    "camera": [
        -0.7564834952354431,
        0.9486633539199829,
        4.7095770835876465
    ]
}