{
    "focal_length": 443.57354736328125,
    "camera": [
        -0.7327703833580017,
        1.5606238842010498,
        4.887075901031494
    ]
}