{
    "focal_length": 443.57354736328125,
    "camera": [
        -0.2496115118265152,
        1.0065650939941406,
        4.758330821990967
    ]
}