{
    "focal_length": 443.57354736328125,
    "camera": [
        -1.0828982591629028,
        0.827957808971405,
        4.832672595977783
    ]
}