{
    "focal_length": 443.57354736328125,
    "camera": [
        0.8673224449157715,
        1.2556872367858887,
        4.968835830688477
    ]
}