{
    "focal_length": 443.57354736328125,
    "camera": [
        0.171784445643425,
        1.0219990015029907,
        5.271149158477783
    ]
}