{
    "focal_length": 443.57354736328125,
    "camera": [
        -1.144677996635437,
        1.2099418640136719,
        4.966592788696289
    ]
}