{
    "focal_length": 443.57354736328125,
    "camera": [
        0.9633545279502869,
        1.6450791358947754,
        4.92681884765625
    ]
}