{
    "focal_length": 443.57354736328125,
    "camera": [
        0.9998778104782104,
        1.6449711322784424,
        4.922612190246582
    ]
}