{
    "focal_length": 443.57354736328125,
    "camera": [
        1.0639078617095947,
        1.1793506145477295,
        5.038592338562012
    ]
}