{
    "focal_length": 443.57354736328125,
    "camera": [
        1.1067125797271729,
        1.4936341047286987,
        4.915536880493164
    ]
}