{
    "focal_length": 443.57354736328125,
    "camera": [
        0.8700543642044067,
        1.2595118284225464,
        4.986109256744385
    ]
}