{
    "focal_length": 443.57354736328125,
    "camera": [
        0.8769782781600952,
        1.3177627325057983,
        5.129995822906494
    ]
}