{
    "focal_length": 443.57354736328125,
    "camera": [
        0.8421034812927246,
        1.1974200010299683,
        4.780666828155518
    ]
}