{
    "focal_length": 443.57354736328125,
    "camera": [
        1.0176342725753784,
        1.6433665752410889,
        4.930214881896973
    ]
}