{
    "focal_length": 443.57354736328125,
    "camera": [
        0.8438329696655273,
        1.3865293264389038,
        5.049565315246582
    ]
}