{
    "focal_length": 443.57354736328125,
    "camera": [
        1.0775279998779297,
        1.1674858331680298,
        5.083223342895508
    ]
}