{
    "focal_length": 443.57354736328125,
    "camera": [
        -0.5055171251296997,
        1.5970304012298584,
        4.957386493682861
    ]
}