{
    "focal_length": 443.57354736328125,
    "camera": [
        -1.1448984146118164,
        1.1310433149337769,
        4.969325065612793
    ]
}