{
    "focal_length": 443.57354736328125,
    "camera": [
        -0.035149890929460526,
        1.6388471126556396,
        4.98118257522583
    ]
}