{
    "focal_length": 443.57354736328125,
    "camera": [
        0.9935358762741089,
        1.2840814590454102,
        4.958273887634277
    ]
}