{
    "focal_length": 443.57354736328125,
    "camera": [
        -1.0425355434417725,
        1.3764821290969849,
        4.731759071350098
    ]
}