{
    "focal_length": 443.57354736328125,
    "camera": [
        0.8425408005714417,
        1.213813304901123,
        4.791030406951904
    ]
}