{
    "focal_length": 443.57354736328125,
    "camera": [
        1.0222043991088867,
        1.2283859252929688,
        4.935327053070068
    ]
}