{
    "focal_length": 443.57354736328125,
    "camera": [
        -0.6886691451072693,
        1.5658299922943115,
        4.918497085571289
    ]
}