{
    "focal_length": 443.57354736328125,
    "camera": [
        0.9303289651870728,
        1.2756171226501465,
        5.208441734313965
    ]
}