{
    "focal_length": 443.57354736328125,
    "camera": [
        -0.0023164525628089905,
        0.981490969657898,
        4.997499942779541
    ]
}