{
    "focal_length": 443.57354736328125,
    "camera": [
        0.9621428847312927,
        1.296586036682129,
        5.361778736114502
    ]
}