{
    "focal_length": 443.57354736328125,
    "camera": [
        -0.6558851599693298,
        1.0459083318710327,
        4.762231826782227
    ]
}