{
    "focal_length": 443.57354736328125,
    "camera": [
        -0.880149245262146,
        0.8616933822631836,
        4.766538619995117
    ]
}