{
    "focal_length": 443.57354736328125,
    "camera": [
        0.2826566696166992,
        1.0369881391525269,
        5.346827983856201
    ]
}