{
    "focal_length": 443.57354736328125,
    "camera": [
        0.9362988471984863,
        1.2737900018692017,
        5.029519081115723
    ]
}