{
    "focal_length": 443.57354736328125,
    "camera": [
        -0.7911642789840698,
        0.9127674698829651,
        4.714494705200195
    ]
}