{
    "focal_length": 443.57354736328125,
    "camera": [
        1.1327698230743408,
        1.5183933973312378,
        4.945468425750732
    ]
}