{
    "focal_length": 443.57354736328125,
    "camera": [
        1.1214441061019897,
        1.0443623065948486,
        5.175142765045166
    ]
}