{
    "focal_length": 443.57354736328125,
    "camera": [
        1.0330578088760376,
        1.6326019763946533,
        4.925131797790527
    ]
}