{
    "focal_length": 443.57354736328125,
    "camera": [
        -1.1015939712524414,
        1.2934608459472656,
        4.811678886413574
    ]
}