{
    "focal_length": 443.57354736328125,
    "camera": [
        -0.1620299071073532,
        0.9815210700035095,
        4.81365442276001
    ]
}