{
    "focal_length": 443.57354736328125,
    "camera": [
        0.9499340057373047,
        1.2944731712341309,
        5.31886100769043
    ]
}