{
    "focal_length": 443.57354736328125,
    "camera": [
        0.9364355802536011,
        1.2866994142532349,
        4.930736064910889
    ]
}