{
    "focal_length": 443.57354736328125,
    "camera": [
        0.8552771806716919,
        1.1964954137802124,
        4.8483147621154785
    ]
}