{
    "focal_length": 443.57354736328125,
    "camera": [
        1.0406720638275146,
        1.199963927268982,
        4.9699883460998535
    ]
}