{
    "focal_length": 443.57354736328125,
    "camera": [
        -1.1455425024032593,
        1.1614576578140259,
        4.9637322425842285
    ]
}