{
    "focal_length": 443.57354736328125,
    "camera": [
        1.102001428604126,
        1.482295036315918,
        4.922577381134033
    ]
}