{
    "focal_length": 443.57354736328125,
    "camera": [
        1.0983848571777344,
        1.6089580059051514,
        4.985077381134033
    ]
}