{
    "focal_length": 443.57354736328125,
    "camera": [
        -0.17358949780464172,
        1.616941213607788,
        4.916733741760254
    ]
}