{
    "focal_length": 443.57354736328125,
    "camera": [
        -0.7078693509101868,
        1.0185045003890991,
        4.775796890258789
    ]
}