{
    "focal_length": 443.57354736328125,
    "camera": [
        0.06849055737257004,
        0.9928114414215088,
        5.153526306152344
    ]
}