{
    "focal_length": 443.57354736328125,
    "camera": [
        0.8259250521659851,
        1.4786334037780762,
        4.934966087341309
    ]
}