{
    "focal_length": 443.57354736328125,
    "camera": [
        -0.06562620401382446,
        1.6369746923446655,
        4.974086761474609
    ]
}