{
    "focal_length": 443.57354736328125,
    "camera": [
        0.937558114528656,
        1.2875863313674927,
        5.012265682220459
    ]
}