{
    "focal_length": 443.57354736328125,
    "camera": [
        0.9083008766174316,
        1.2359731197357178,
        4.984936714172363
    ]
}