{
    "focal_length": 443.57354736328125,
    "camera": [
        -1.0701820850372314,
        0.8352817296981812,
        4.812983512878418
    ]
}