{
    "focal_length": 443.57354736328125,
    "camera": [
        1.0069001913070679,
        1.3425450325012207,
        4.70504093170166
    ]
}