{
    "focal_length": 443.57354736328125,
    "camera": [
        0.8512228727340698,
        1.1940778493881226,
        4.815041542053223
    ]
}