{
    "focal_length": 443.57354736328125,
    "camera": [
        -0.7959978580474854,
        1.5199540853500366,
        4.726808071136475
    ]
}