{
    "focal_length": 443.57354736328125,
    "camera": [
        -1.1411333084106445,
        1.1085450649261475,
        4.968502998352051
    ]
}