{
    "focal_length": 443.57354736328125,
    "camera": [
        0.8203253149986267,
        1.4650187492370605,
        4.933420658111572
    ]
}