{
    "focal_length": 443.57354736328125,
    "camera": [
        -0.14219751954078674,
        0.9847031831741333,
        4.7465057373046875
    ]
}