{
    "focal_length": 443.57354736328125,
    "camera": [
        1.1025853157043457,
        1.1109139919281006,
        5.110781669616699
    ]
}