{
    "focal_length": 443.57354736328125,
    "camera": [
        1.0059460401535034,
        1.640683889389038,
        4.908030033111572
    ]
}