{
    "focal_length": 443.57354736328125,
    "camera": [
        -1.1083794832229614,
        0.8132444024085999,
        4.946653842926025
    ]
}