{
    "focal_length": 443.57354736328125,
    "camera": [
        0.9609507918357849,
        1.296289086341858,
        5.370987892150879
    ]
}