{
    "focal_length": 443.57354736328125,
    "camera": [
        1.1076085567474365,
        1.042996883392334,
        5.129164695739746
    ]
}