{
    "focal_length": 443.57354736328125,
    "camera": [
        0.8456566333770752,
        1.5426032543182373,
        4.941655158996582
    ]
}