{
    "focal_length": 443.57354736328125,
    "camera": [
        -0.7025348544120789,
        1.023848056793213,
        4.792274475097656
    ]
}