{
    "focal_length": 443.57354736328125,
    "camera": [
        -1.085532546043396,
        0.8085781931877136,
        4.864903450012207
    ]
}