{
    "focal_length": 443.57354736328125,
    "camera": [
        1.0631308555603027,
        1.6105495691299438,
        4.912483215332031
    ]
}