{
    "focal_length": 443.57354736328125,
    "camera": [
        1.1385782957077026,
        1.5446727275848389,
        4.9767656326293945
    ]
}