{
    "focal_length": 443.57354736328125,
    "camera": [
        -0.7117555737495422,
        1.0087769031524658,
        4.76455545425415
    ]
}