{
    "focal_length": 443.57354736328125,
    "camera": [
        -0.33098164200782776,
        1.0326189994812012,
        4.829110145568848
    ]
}