{
    "focal_length": 443.57354736328125,
    "camera": [
        0.9306821227073669,
        1.2843563556671143,
        4.916624069213867
    ]
}