{
    "focal_length": 443.57354736328125,
    "camera": [
        -1.087223768234253,
        0.8112181425094604,
        4.870785236358643
    ]
}