{
    "focal_length": 443.57354736328125,
    "camera": [
        0.918994128704071,
        1.2537779808044434,
        4.985854148864746
    ]
}