{
    "focal_length": 443.57354736328125,
    "camera": [
        1.134683609008789,
        1.5622180700302124,
        4.981369495391846
    ]
}