{
    "focal_length": 443.57354736328125,
    "camera": [
        0.8505471348762512,
        1.3728933334350586,
        5.069423675537109
    ]
}