{
    "focal_length": 443.57354736328125,
    "camera": [
        1.011008858680725,
        1.3717149496078491,
        4.729723930358887
    ]
}