{
    "focal_length": 443.57354736328125,
    "camera": [
        -0.5085047483444214,
        1.0551241636276245,
        4.737920761108398
    ]
}