{
    "focal_length": 443.57354736328125,
    "camera": [
        0.9794660806655884,
        1.651626706123352,
        4.947718143463135
    ]
}