{
    "focal_length": 443.57354736328125,
    "camera": [
        -0.4726009964942932,
        1.0558433532714844,
        4.780595779418945
    ]
}