{
    "focal_length": 443.57354736328125,
    "camera": [
        0.8731437921524048,
        1.2623199224472046,
        5.02103853225708
    ]
}