{
    "focal_length": 443.57354736328125,
    "camera": [
        1.091788411140442,
        1.615782380104065,
        4.98609733581543
    ]
}