{
    "focal_length": 443.57354736328125,
    "camera": [
        0.9188376665115356,
        1.2490297555923462,
        4.988722801208496
    ]
}