{
    "focal_length": 443.57354736328125,
    "camera": [
        -1.095987319946289,
        0.8022236824035645,
        4.904011249542236
    ]
}