{
    "focal_length": 443.57354736328125,
    "camera": [
        0.9078829288482666,
        1.6028257608413696,
        4.921636581420898
    ]
}