{
    "focal_length": 443.57354736328125,
    "camera": [
        -0.9297438263893127,
        0.8484806418418884,
        4.775609016418457
    ]
}