{
    "focal_length": 443.57354736328125,
    "camera": [
        1.076382040977478,
        1.4543812274932861,
        4.869502544403076
    ]
}