{
    "focal_length": 443.57354736328125,
    "camera": [
        0.9544894695281982,
        1.2951730489730835,
        5.324552059173584
    ]
}