{
    "focal_length": 443.57354736328125,
    "camera": [
        -0.10051614046096802,
        1.632472276687622,
        4.972465991973877
    ]
}