{
    "focal_length": 443.57354736328125,
    "camera": [
        1.0890390872955322,
        1.4683761596679688,
        4.901756286621094
    ]
}