{
    "focal_length": 443.57354736328125,
    "camera": [
        -0.022370703518390656,
        0.9796837568283081,
        5.009566783905029
    ]
}