{
    "focal_length": 443.57354736328125,
    "camera": [
        0.9168033003807068,
        1.261604905128479,
        4.942933559417725
    ]
}