{
    "focal_length": 443.57354736328125,
    "camera": [
        -0.09511309862136841,
        0.9753071069717407,
        4.836712837219238
    ]
}