{
    "focal_length": 443.57354736328125,
    "camera": [
        0.8264154195785522,
        1.486460566520691,
        4.93202018737793
    ]
}