{
    "focal_length": 443.57354736328125,
    "camera": [
        0.829033613204956,
        1.4937160015106201,
        4.9412736892700195
    ]
}