{
    "focal_length": 443.57354736328125,
    "camera": [
        0.935331404209137,
        1.2801553010940552,
        5.01951265335083
    ]
}