{
    "focal_length": 443.57354736328125,
    "camera": [
        -0.6631887555122375,
        1.5773870944976807,
        4.909838676452637
    ]
}