{
    "focal_length": 443.57354736328125,
    "camera": [
        0.8672264814376831,
        1.3505940437316895,
        5.135385036468506
    ]
}