{
    "focal_length": 443.57354736328125,
    "camera": [
        -1.0807706117630005,
        0.8333020806312561,
        4.83350944519043
    ]
}