{
    "focal_length": 443.57354736328125,
    "camera": [
        1.084656000137329,
        1.1318483352661133,
        5.074002265930176
    ]
}