{
    "focal_length": 443.57354736328125,
    "camera": [
        -0.8827467560768127,
        1.4714480638504028,
        4.604913234710693
    ]
}