{
    "focal_length": 443.57354736328125,
    "camera": [
        0.31230178475379944,
        1.038088083267212,
        5.3460259437561035
    ]
}