{
    "focal_length": 443.57354736328125,
    "camera": [
        -0.7624748945236206,
        0.9391792416572571,
        4.678011417388916
    ]
}