{
    "focal_length": 443.57354736328125,
    "camera": [
        0.9006969332695007,
        1.2742077112197876,
        5.124415874481201
    ]
}