{
    "focal_length": 443.57354736328125,
    "camera": [
        0.8295758962631226,
        1.4987759590148926,
        4.937024116516113
    ]
}