{
    "focal_length": 443.57354736328125,
    "camera": [
        1.029732346534729,
        1.2493141889572144,
        4.992735862731934
    ]
}