{
    "focal_length": 443.57354736328125,
    "camera": [
        0.9417958855628967,
        1.286228895187378,
        5.051604747772217
    ]
}