{
    "focal_length": 443.57354736328125,
    "camera": [
        -0.6139574646949768,
        1.5866594314575195,
        4.890443325042725
    ]
}