{
    "focal_length": 443.57354736328125,
    "camera": [
        -0.722909688949585,
        1.002132534980774,
        4.779293537139893
    ]
}