{
    "focal_length": 443.57354736328125,
    "camera": [
        -0.7086380124092102,
        1.5560860633850098,
        4.8879780769348145
    ]
}