{
    "focal_length": 443.57354736328125,
    "camera": [
        0.963308572769165,
        1.2990714311599731,
        4.998061180114746
    ]
}