{
    "focal_length": 443.57354736328125,
    "camera": [
        0.8324295878410339,
        1.521521806716919,
        4.927000522613525
    ]
}