{
    "focal_length": 443.57354736328125,
    "camera": [
        0.8646131753921509,
        1.2378324270248413,
        4.911743640899658
    ]
}