{
    "focal_length": 443.57354736328125,
    "camera": [
        0.6805621385574341,
        1.0462192296981812,
        5.486381530761719
    ]
}