{
    "focal_length": 443.57354736328125,
    "camera": [
        -0.3503425717353821,
        1.0316436290740967,
        4.785792350769043
    ]
}