{
    "focal_length": 443.57354736328125,
    "camera": [
        -0.8409773707389832,
        1.4998767375946045,
        4.705512523651123
    ]
}