{
    "focal_length": 443.57354736328125,
    "camera": [
        -0.47805672883987427,
        1.598876953125,
        4.948475360870361
    ]
}