{
    "focal_length": 443.57354736328125,
    "camera": [
        -0.5370180606842041,
        1.595123529434204,
        4.9658942222595215
    ]
}