{
    "focal_length": 443.57354736328125,
    "camera": [
        -0.5598791837692261,
        1.5876128673553467,
        4.9303131103515625
    ]
}