{
    "focal_length": 443.57354736328125,
    "camera": [
        -0.8223457932472229,
        1.5072758197784424,
        4.698227882385254
    ]
}