{
    "focal_length": 443.57354736328125,
    "camera": [
        -0.4286245107650757,
        1.0476408004760742,
        4.7759013175964355
    ]
}