{
    "focal_length": 443.57354736328125,
    "camera": [
        0.9771395325660706,
        1.6540772914886475,
        4.975923538208008
    ]
}