{
    "focal_length": 443.57354736328125,
    "camera": [
        -0.6048988699913025,
        1.0563898086547852,
        4.7721967697143555
    ]
}