{
    "focal_length": 443.57354736328125,
    "camera": [
        -0.5831157565116882,
        1.5830090045928955,
        4.87916898727417
    ]
}