{
    "focal_length": 443.57354736328125,
    "camera": [
        0.8909913301467896,
        1.2711797952651978,
        5.099905490875244
    ]
}