{
    "focal_length": 443.57354736328125,
    "camera": [
        0.9395623803138733,
        1.6280856132507324,
        4.914638519287109
    ]
}