{
    "focal_length": 443.57354736328125,
    "camera": [
        -0.06567278504371643,
        0.9737775325775146,
        4.914805889129639
    ]
}