{
    "focal_length": 443.57354736328125,
    "camera": [
        0.6323282122612,
        1.0467400550842285,
        5.459287643432617
    ]
}