{
    "focal_length": 443.57354736328125,
    "camera": [
        0.9509164094924927,
        1.2949192523956299,
        5.311583518981934
    ]
}