{
    "focal_length": 443.57354736328125,
    "camera": [
        0.8704229593276978,
        1.5665382146835327,
        4.953526020050049
    ]
}