{
    "focal_length": 443.57354736328125,
    "camera": [
        -0.7487101554870605,
        0.9721421599388123,
        4.785077095031738
    ]
}