{
    "focal_length": 443.57354736328125,
    "camera": [
        -0.8232933878898621,
        0.8890830874443054,
        4.751105308532715
    ]
}