{
    "focal_length": 443.57354736328125,
    "camera": [
        -0.7403296828269958,
        0.9847367405891418,
        4.796107292175293
    ]
}