{
    "focal_length": 443.57354736328125,
    "camera": [
        -1.0884838104248047,
        0.8244115710258484,
        4.859498023986816
    ]
}