{
    "focal_length": 443.57354736328125,
    "camera": [
        0.2317589521408081,
        1.029198408126831,
        5.260787487030029
    ]
}