{
    "focal_length": 443.57354736328125,
    "camera": [
        -0.6671583652496338,
        1.0444974899291992,
        4.773244857788086
    ]
}