{
    "focal_length": 443.57354736328125,
    "camera": [
        0.8605576753616333,
        1.3615570068359375,
        5.11417293548584
    ]
}