{
    "focal_length": 443.57354736328125,
    "camera": [
        1.1028947830200195,
        1.045452356338501,
        5.234060287475586
    ]
}