{
    "focal_length": 443.57354736328125,
    "camera": [
        0.8481802940368652,
        1.0513484477996826,
        5.459468841552734
    ]
}