{
    "focal_length": 443.57354736328125,
    "camera": [
        1.0233644247055054,
        1.6367402076721191,
        4.917728900909424
    ]
}