{
    "focal_length": 443.57354736328125,
    "camera": [
        1.1302341222763062,
        1.0535930395126343,
        5.177443027496338
    ]
}