{
    "focal_length": 443.57354736328125,
    "camera": [
        -0.5322784185409546,
        1.052223563194275,
        4.761866569519043
    ]
}