{
    "focal_length": 443.57354736328125,
    "camera": [
        -1.099995493888855,
        0.8029717206954956,
        4.926867961883545
    ]
}