{
    "focal_length": 443.57354736328125,
    "camera": [
        0.8272257447242737,
        1.4090352058410645,
        4.986220836639404
    ]
}