{
    "focal_length": 443.57354736328125,
    "camera": [
        0.9148660898208618,
        1.2839852571487427,
        5.194613933563232
    ]
}