{
    "focal_length": 443.57354736328125,
    "camera": [
        -0.6201649308204651,
        1.0532151460647583,
        4.761565208435059
    ]
}