{
    "focal_length": 443.57354736328125,
    "camera": [
        0.8854503631591797,
        1.0550341606140137,
        5.447919845581055
    ]
}