{
    "focal_length": 443.57354736328125,
    "camera": [
        -0.4436301589012146,
        1.6003509759902954,
        4.893318176269531
    ]
}