{
    "focal_length": 443.57354736328125,
    "camera": [
        -0.8086824417114258,
        0.9009582996368408,
        4.7462944984436035
    ]
}