{
    "focal_length": 443.57354736328125,
    "camera": [
        0.8074856400489807,
        1.0494904518127441,
        5.4590277671813965
    ]
}