{
    "focal_length": 443.57354736328125,
    "camera": [
        -1.1427254676818848,
        1.0797029733657837,
        4.985299110412598
    ]
}