{
    "focal_length": 443.57354736328125,
    "camera": [
        1.1118104457855225,
        1.0420516729354858,
        5.195435523986816
    ]
}