{
    "focal_length": 443.57354736328125,
    "camera": [
        0.9251476526260376,
        1.2829067707061768,
        5.238040447235107
    ]
}