{
    "focal_length": 443.57354736328125,
    "camera": [
        0.905278205871582,
        1.5986089706420898,
        4.953408241271973
    ]
}