{
    "focal_length": 443.57354736328125,
    "camera": [
        0.971383810043335,
        1.297569990158081,
        4.960117340087891
    ]
}