{
    "focal_length": 443.57354736328125,
    "camera": [
        1.1279258728027344,
        1.0459022521972656,
        5.182054042816162
    ]
}