{
    "focal_length": 443.57354736328125,
    "camera": [
        0.8663501143455505,
        1.2030458450317383,
        4.870357036590576
    ]
}