{
    "focal_length": 443.57354736328125,
    "camera": [
        1.1350007057189941,
        1.5549026727676392,
        4.972414493560791
    ]
}