{
    "focal_length": 443.57354736328125,
    "camera": [
        0.8778853416442871,
        1.572627067565918,
        4.944434642791748
    ]
}