{
    "focal_length": 443.57354736328125,
    "camera": [
        0.9978107213973999,
        1.3265413045883179,
        4.6707072257995605
    ]
}