{
    "focal_length": 443.57354736328125,
    "camera": [
        -0.7545785307884216,
        1.5351895093917847,
        4.756742000579834
    ]
}