{
    "focal_length": 443.57354736328125,
    "camera": [
        0.8983118534088135,
        1.588563323020935,
        4.955016136169434
    ]
}