{
    "focal_length": 443.57354736328125,
    "camera": [
        -1.0978626012802124,
        0.8036572933197021,
        4.916640758514404
    ]
}