{
    "focal_length": 443.57354736328125,
    "camera": [
        0.9271513223648071,
        1.6171107292175293,
        4.931187629699707
    ]
}