{
    "focal_length": 443.57354736328125,
    "camera": [
        0.8431074619293213,
        1.2014820575714111,
        4.785064220428467
    ]
}