{
    "focal_length": 443.57354736328125,
    "camera": [
        -1.0830764770507812,
        0.826701819896698,
        4.832370758056641
    ]
}